array_label,coupling_variant,parameter_id,assignment_strength,anchor_strength,task_balanced_recording_macro_rmse_deg,e0_task_balanced_recording_macro_rmse_deg,overall_gain_vs_e0_pct,task1_relative_change_pct,task4_relative_change_pct,task23_gain_vs_e0_pct,recording_nondegraded_fraction,new_gt10,removed_gt10,new_gt45,removed_gt45,adoption_fraction,adoption_count,no_reassignment_guard_fraction,no_reassignment_guard_count,full_safety_feasible,task1_hard_gate_feasible,all_safety_feasible
dicit,adaptive_geometry_fixed_evidence,a0.75_h0.03,0.75,0.03,5.144503878079611,5.455397035850844,5.698818174518888,8.83846992943976,-2.616044457167109,13.161557895160392,0.4827586206896552,8,14,0,0,0.2274305555555555,131,0.0017361111111111,1,False,False,False
dicit,adaptive_geometry_fixed_evidence,a1.25_h0.03,1.25,0.03,5.173574007421406,5.455397035850844,5.165948996514852,2.244771177659211,-2.2397701659155143,10.161520165718883,0.6896551724137931,7,13,0,0,0.1527777777777778,88,0.0017361111111111,1,False,False,False
dicit,adaptive_geometry_fixed_evidence,a1.5_h0.03,1.5,0.03,5.249696979514962,5.455397035850844,3.7705790244797504,1.9121059552462405,-2.330997866950729,6.894020227988407,0.6896551724137931,7,10,0,0,0.1319444444444444,76,0.0017361111111111,1,False,False,False
dicit,adaptive_geometry_fixed_evidence,a1_h0.03,1.0,0.03,5.143662618048218,5.455397035850844,5.71423886756588,4.822605833213512,-3.008805279432763,11.537527271040302,0.6206896551724138,8,15,0,0,0.1805555555555555,104,0.0017361111111111,1,False,False,False
dicit,adaptive_geometry_fixed_evidence,a2_h0.03,2.0,0.03,5.251257786094402,5.455397035850844,3.7419687039259375,-0.0401405282823743,-1.6957783067865564,6.751368210921711,0.7586206896551724,4,9,0,0,0.1111111111111111,64,0.0017361111111111,1,True,True,True
dicit,full_adaptive_freedom,a0.75_h0.03,0.75,0.03,5.126534337809557,5.455397035850844,6.0282083206799335,5.472088628343832,-2.740813036842855,12.67818697229673,0.5862068965517241,7,13,0,0,0.1788194444444444,103,0.0017361111111111,1,False,False,False
dicit,full_adaptive_freedom,a1.25_h0.03,1.25,0.03,5.216454931285918,5.455397035850844,4.379921442833337,1.186870931503421,-2.908586156862712,7.493404823752904,0.7586206896551724,6,11,0,0,0.1267361111111111,73,0.0017361111111111,1,True,False,False
dicit,full_adaptive_freedom,a1.5_h0.03,1.5,0.03,5.240247866305808,5.455397035850844,3.943785725056409,-0.2140860393670969,-2.908586156862712,6.073248646771618,0.7931034482758621,5,10,0,0,0.1128472222222222,65,0.0017361111111111,1,True,True,True
dicit,full_adaptive_freedom,a1_h0.03,1.0,0.03,5.151808992981055,5.455397035850844,5.564911973862235,1.8818052649539252,-3.0483042934163707,10.21208008601835,0.7241379310344828,6,13,0,0,0.1545138888888889,89,0.0017361111111111,1,True,False,False
dicit,full_adaptive_freedom,a2_h0.03,2.0,0.03,5.2707532193074655,5.455397035850844,3.384608220629361,-0.948939861409274,-1.1234718237460248,6.169157565353482,0.7931034482758621,3,8,0,0,0.0954861111111111,55,0.0017361111111111,1,True,True,True
dicit,reliability_prior_code,a0.75_h0.03,0.75,0.03,5.288076063965924,5.455397035850844,3.067072309959258,4.533049598944632,-0.1449884807851656,8.120952170278024,0.6206896551724138,7,9,0,0,0.1059027777777777,61,0.0017361111111111,1,False,False,False
dicit,reliability_prior_code,a1.25_h0.03,1.25,0.03,5.313194068397257,5.455397035850844,2.606647445072863,3.4640857180467286,-0.0515403841478903,6.837903182181497,0.6551724137931034,7,7,0,0,0.0989583333333333,57,0.0017361111111111,1,False,False,False
dicit,reliability_prior_code,a1.5_h0.03,1.5,0.03,5.318459426014547,5.455397035850844,2.51013095722261,2.7084422624023685,-0.0515403841478903,6.377966258165967,0.6551724137931034,6,7,0,0,0.0954861111111111,55,0.0017361111111111,1,False,False,False
dicit,reliability_prior_code,a1_h0.03,1.0,0.03,5.304506518057779,5.455397035850844,2.7658943391556723,4.533049598944632,-0.0515403841478903,7.538654257573567,0.6206896551724138,7,8,0,0,0.1024305555555555,59,0.0017361111111111,1,False,False,False
dicit,reliability_prior_code,a2_h0.03,2.0,0.03,5.3122401310549385,5.455397035850844,2.6241335663588026,1.938966910722156,-0.0515403841478903,6.377966258165967,0.6896551724137931,6,8,0,0,0.0972222222222222,56,0.0017361111111111,1,False,False,False
dicit,shared_log_reference,a0.75_h0.03,0.75,0.03,5.137546431330944,5.455397035850844,5.826351454002408,8.07942236470404,-2.9285287913047955,12.920025453576535,0.4827586206896552,7,14,0,0,0.2413194444444444,139,0.0017361111111111,1,False,False,False
dicit,shared_log_reference,a1.25_h0.03,1.25,0.03,5.181028616391796,5.455397035850844,5.029302499084861,4.892238720028998,-2.631540209015822,10.380906058073968,0.6206896551724138,6,13,0,0,0.1840277777777778,106,0.0017361111111111,1,False,False,False
dicit,shared_log_reference,a1.5_h0.03,1.5,0.03,5.244990721544299,5.455397035850844,3.856846952180253,3.793154386998861,-2.5317214448729017,7.522694801652067,0.6206896551724138,6,11,0,0,0.1649305555555555,95,0.0017361111111111,1,False,False,False
dicit,shared_log_reference,a1_h0.03,1.0,0.03,5.170742654353143,5.455397035850844,5.217849033297812,5.920246324864368,-2.1500902355934635,11.556290489197089,0.5517241379310345,7,13,0,0,0.2048611111111111,118,0.0017361111111111,1,False,False,False
dicit,shared_log_reference,a2_h0.03,2.0,0.03,5.308675406263072,5.455397035850844,2.68947665263539,2.18365433668502,-0.7971417785120217,5.946442259654502,0.6896551724137931,6,8,0,0,0.1388888888888889,80,0.0017361111111111,1,False,False,False
eigenmike,adaptive_geometry_fixed_evidence,a0.75_h0.03,0.75,0.03,11.660541401619314,13.195659792871163,11.633509921809177,-13.593624376370434,-3.041623801729548,14.962676821186292,1.0,0,4,0,3,0.0086805555555555,5,0.0677083333333333,39,True,True,True
eigenmike,adaptive_geometry_fixed_evidence,a1.25_h0.03,1.25,0.03,11.65566904946011,13.195659792871163,11.670433821301009,-13.593624376370434,-3.1829292571986985,14.962676821186292,1.0,0,4,0,3,0.0069444444444444,4,0.0607638888888888,35,True,True,True
eigenmike,adaptive_geometry_fixed_evidence,a1.5_h0.03,1.5,0.03,11.765419605002467,13.195659792871163,10.838716747163884,-13.593624376370434,0.0,14.962676821186292,1.0,0,3,0,3,0.0052083333333333,3,0.0590277777777777,34,True,True,True
eigenmike,adaptive_geometry_fixed_evidence,a1_h0.03,1.0,0.03,11.660541401619314,13.195659792871163,11.633509921809177,-13.593624376370434,-3.041623801729548,14.962676821186292,1.0,0,4,0,3,0.0086805555555555,5,0.0642361111111111,37,True,True,True
eigenmike,adaptive_geometry_fixed_evidence,a2_h0.03,2.0,0.03,12.49122279949052,13.195659792871163,5.338399173955759,-13.593624376370434,0.0,5.516622169142392,1.0,0,2,0,2,0.0034722222222222,2,0.0503472222222222,29,True,True,True
eigenmike,full_adaptive_freedom,a0.75_h0.03,0.75,0.03,11.660541401619314,13.195659792871163,11.633509921809177,-13.593624376370434,-3.041623801729548,14.962676821186292,1.0,0,4,0,3,0.0086805555555555,5,0.0711805555555555,41,True,True,True
eigenmike,full_adaptive_freedom,a1.25_h0.03,1.25,0.03,11.65566904946011,13.195659792871163,11.670433821301009,-13.593624376370434,-3.1829292571986985,14.962676821186292,1.0,0,4,0,3,0.0069444444444444,4,0.0607638888888888,35,True,True,True
eigenmike,full_adaptive_freedom,a1.5_h0.03,1.5,0.03,11.765419605002467,13.195659792871163,10.838716747163884,-13.593624376370434,0.0,14.962676821186292,1.0,0,3,0,3,0.0052083333333333,3,0.0590277777777777,34,True,True,True
eigenmike,full_adaptive_freedom,a1_h0.03,1.0,0.03,11.65566904946011,13.195659792871163,11.670433821301009,-13.593624376370434,-3.1829292571986985,14.962676821186292,1.0,0,4,0,3,0.0069444444444444,4,0.0642361111111111,37,True,True,True
eigenmike,full_adaptive_freedom,a2_h0.03,2.0,0.03,12.49122279949052,13.195659792871163,5.338399173955759,-13.593624376370434,0.0,5.516622169142392,1.0,0,2,0,2,0.0034722222222222,2,0.0503472222222222,29,True,True,True
eigenmike,reliability_prior_code,a0.75_h0.03,0.75,0.03,12.915101565879064,13.195659792871163,2.126140196064086,-13.593624376370434,0.0,0.0,1.0,0,1,0,1,0.0017361111111111,1,0.0069444444444444,4,True,True,True
eigenmike,reliability_prior_code,a1.25_h0.03,1.25,0.03,12.915101565879064,13.195659792871163,2.126140196064086,-13.593624376370434,0.0,0.0,1.0,0,1,0,1,0.0017361111111111,1,0.0069444444444444,4,True,True,True
eigenmike,reliability_prior_code,a1.5_h0.03,1.5,0.03,13.195659792871163,13.195659792871163,0.0,0.0,0.0,0.0,1.0,0,0,0,0,0.0,0,0.0052083333333333,3,True,False,False
eigenmike,reliability_prior_code,a1_h0.03,1.0,0.03,12.915101565879064,13.195659792871163,2.126140196064086,-13.593624376370434,0.0,0.0,1.0,0,1,0,1,0.0017361111111111,1,0.0069444444444444,4,True,True,True
eigenmike,reliability_prior_code,a2_h0.03,2.0,0.03,13.195659792871163,13.195659792871163,0.0,0.0,0.0,0.0,1.0,0,0,0,0,0.0,0,0.0034722222222222,2,True,False,False
eigenmike,shared_log_reference,a0.75_h0.03,0.75,0.03,11.64304335744135,13.195659792871163,11.766114463398049,-13.593624376370434,-3.029955950729849,15.195643293072632,0.9655172413793104,0,4,0,3,0.0138888888888888,8,0.0677083333333333,39,True,True,True
eigenmike,shared_log_reference,a1.25_h0.03,1.25,0.03,12.381472243948162,13.195659792871163,6.170116248092883,-13.593624376370434,-3.1829292571986985,5.516622169142392,1.0,0,3,0,2,0.0052083333333333,3,0.0607638888888888,35,True,True,True
eigenmike,shared_log_reference,a1.5_h0.03,1.5,0.03,12.49122279949052,13.195659792871163,5.338399173955759,-13.593624376370434,0.0,5.516622169142392,1.0,0,2,0,2,0.0034722222222222,2,0.0572916666666666,33,True,True,True
eigenmike,shared_log_reference,a1_h0.03,1.0,0.03,11.660541401619314,13.195659792871163,11.633509921809177,-13.593624376370434,-3.041623801729548,14.962676821186292,1.0,0,4,0,3,0.0086805555555555,5,0.0625,36,True,True,True
eigenmike,shared_log_reference,a2_h0.03,2.0,0.03,12.77178102648262,13.195659792871163,3.2122589778916595,0.0,0.0,5.516622169142392,1.0,0,1,0,1,0.0017361111111111,1,0.0486111111111111,28,True,False,False
robothead,adaptive_geometry_fixed_evidence,a0.75_h0.03,0.75,0.03,3.854078941735614,4.36871871235015,11.780107727230757,0.0,-25.699925889153736,0.0,0.9310344827586208,1,0,0,1,0.0052083333333333,3,0.03125,18,False,True,False
robothead,adaptive_geometry_fixed_evidence,a1.25_h0.03,1.25,0.03,4.369268701288674,4.36871871235015,-0.0125892504127016,0.0,0.0274651819913779,0.0,0.9655172413793104,0,0,0,0,0.0017361111111111,1,0.0243055555555555,14,False,True,False
robothead,adaptive_geometry_fixed_evidence,a1.5_h0.03,1.5,0.03,4.36871871235015,4.36871871235015,0.0,0.0,0.0,0.0,1.0,0,0,0,0,0.0,0,0.0225694444444444,13,True,True,True
robothead,adaptive_geometry_fixed_evidence,a1_h0.03,1.0,0.03,4.369268701288674,4.36871871235015,-0.0125892504127016,0.0,0.0274651819913779,0.0,0.9655172413793104,0,0,0,0,0.0017361111111111,1,0.0277777777777777,16,False,True,False
robothead,adaptive_geometry_fixed_evidence,a2_h0.03,2.0,0.03,4.36871871235015,4.36871871235015,0.0,0.0,0.0,0.0,1.0,0,0,0,0,0.0,0,0.0208333333333333,12,True,True,True
robothead,full_adaptive_freedom,a0.75_h0.03,0.75,0.03,3.854078941735614,4.36871871235015,11.780107727230757,0.0,-25.699925889153736,0.0,0.9310344827586208,1,0,0,1,0.0052083333333333,3,0.03125,18,False,True,False
robothead,full_adaptive_freedom,a1.25_h0.03,1.25,0.03,4.369268701288674,4.36871871235015,-0.0125892504127016,0.0,0.0274651819913779,0.0,0.9655172413793104,0,0,0,0,0.0017361111111111,1,0.0243055555555555,14,False,True,False
robothead,full_adaptive_freedom,a1.5_h0.03,1.5,0.03,4.36871871235015,4.36871871235015,0.0,0.0,0.0,0.0,1.0,0,0,0,0,0.0,0,0.0225694444444444,13,True,True,True
robothead,full_adaptive_freedom,a1_h0.03,1.0,0.03,4.369268701288674,4.36871871235015,-0.0125892504127016,0.0,0.0274651819913779,0.0,0.9655172413793104,0,0,0,0,0.0017361111111111,1,0.0277777777777777,16,False,True,False
robothead,full_adaptive_freedom,a2_h0.03,2.0,0.03,4.36871871235015,4.36871871235015,0.0,0.0,0.0,0.0,1.0,0,0,0,0,0.0,0,0.0208333333333333,12,True,True,True
robothead,reliability_prior_code,a0.75_h0.03,0.75,0.03,4.36871871235015,4.36871871235015,0.0,0.0,0.0,0.0,1.0,0,0,0,0,0.0,0,0.0,0,True,True,True
robothead,reliability_prior_code,a1.25_h0.03,1.25,0.03,4.36871871235015,4.36871871235015,0.0,0.0,0.0,0.0,1.0,0,0,0,0,0.0,0,0.0,0,True,True,True
robothead,reliability_prior_code,a1.5_h0.03,1.5,0.03,4.36871871235015,4.36871871235015,0.0,0.0,0.0,0.0,1.0,0,0,0,0,0.0,0,0.0,0,True,True,True
robothead,reliability_prior_code,a1_h0.03,1.0,0.03,4.36871871235015,4.36871871235015,0.0,0.0,0.0,0.0,1.0,0,0,0,0,0.0,0,0.0,0,True,True,True
robothead,reliability_prior_code,a2_h0.03,2.0,0.03,4.36871871235015,4.36871871235015,0.0,0.0,0.0,0.0,1.0,0,0,0,0,0.0,0,0.0,0,True,True,True
robothead,shared_log_reference,a0.75_h0.03,0.75,0.03,3.854078941735614,4.36871871235015,11.780107727230757,0.0,-25.699925889153736,0.0,0.9310344827586208,1,0,0,1,0.0052083333333333,3,0.0399305555555555,23,False,True,False
robothead,shared_log_reference,a1.25_h0.03,1.25,0.03,4.369268701288674,4.36871871235015,-0.0125892504127016,0.0,0.0274651819913779,0.0,0.9655172413793104,0,0,0,0,0.0017361111111111,1,0.0260416666666666,15,False,True,False
robothead,shared_log_reference,a1.5_h0.03,1.5,0.03,4.36871871235015,4.36871871235015,0.0,0.0,0.0,0.0,1.0,0,0,0,0,0.0,0,0.0243055555555555,14,True,True,True
robothead,shared_log_reference,a1_h0.03,1.0,0.03,4.369268701288674,4.36871871235015,-0.0125892504127016,0.0,0.0274651819913779,0.0,0.9655172413793104,0,0,0,0,0.0017361111111111,1,0.0329861111111111,19,False,True,False
robothead,shared_log_reference,a2_h0.03,2.0,0.03,4.36871871235015,4.36871871235015,0.0,0.0,0.0,0.0,1.0,0,0,0,0,0.0,0,0.0208333333333333,12,True,True,True
