coupling_variant,parameter_id,assignment_strength,anchor_strength,all_training_arrays_full_safety_feasible,all_training_arrays_task1_hard_gate_feasible,all_training_requirements_feasible,min_training_gain_pct,mean_training_gain_pct,holdout_array,training_arrays
adaptive_geometry_fixed_evidence,a0.75_h0.03,0.75,0.03,False,False,False,5.698818174518888,8.739462950874822,eigenmike,robothead+dicit
adaptive_geometry_fixed_evidence,a1.25_h0.03,1.25,0.03,False,False,False,-0.012589250412701642,2.5766798730510754,eigenmike,robothead+dicit
adaptive_geometry_fixed_evidence,a1.5_h0.03,1.5,0.03,False,False,False,0.0,1.8852895122398752,eigenmike,robothead+dicit
adaptive_geometry_fixed_evidence,a1_h0.03,1.0,0.03,False,False,False,-0.012589250412701642,2.850824808576589,eigenmike,robothead+dicit
adaptive_geometry_fixed_evidence,a2_h0.03,2.0,0.03,True,True,True,0.0,1.8709843519629688,eigenmike,robothead+dicit
adaptive_geometry_fixed_evidence,a0.75_h0.03,0.75,0.03,False,False,False,5.698818174518888,8.666164048164031,robothead,eigenmike+dicit
adaptive_geometry_fixed_evidence,a1.25_h0.03,1.25,0.03,False,False,False,5.165948996514852,8.41819140890793,robothead,eigenmike+dicit
adaptive_geometry_fixed_evidence,a1.5_h0.03,1.5,0.03,False,False,False,3.7705790244797504,7.304647885821817,robothead,eigenmike+dicit
adaptive_geometry_fixed_evidence,a1_h0.03,1.0,0.03,False,False,False,5.7142388675658795,8.673874394687527,robothead,eigenmike+dicit
adaptive_geometry_fixed_evidence,a2_h0.03,2.0,0.03,True,True,True,3.7419687039259375,4.5401839389408485,robothead,eigenmike+dicit
adaptive_geometry_fixed_evidence,a0.75_h0.03,0.75,0.03,False,True,False,11.633509921809175,11.706808824519966,dicit,eigenmike+robothead
adaptive_geometry_fixed_evidence,a1.25_h0.03,1.25,0.03,False,True,False,-0.012589250412701642,5.828922285444152,dicit,eigenmike+robothead
adaptive_geometry_fixed_evidence,a1.5_h0.03,1.5,0.03,True,True,True,0.0,5.419358373581941,dicit,eigenmike+robothead
adaptive_geometry_fixed_evidence,a1_h0.03,1.0,0.03,False,True,False,-0.012589250412701642,5.810460335698236,dicit,eigenmike+robothead
adaptive_geometry_fixed_evidence,a2_h0.03,2.0,0.03,True,True,True,0.0,2.6691995869778795,dicit,eigenmike+robothead
reliability_prior_code,a0.75_h0.03,0.75,0.03,False,False,False,0.0,1.533536154979629,eigenmike,robothead+dicit
reliability_prior_code,a1.25_h0.03,1.25,0.03,False,False,False,0.0,1.3033237225364316,eigenmike,robothead+dicit
reliability_prior_code,a1.5_h0.03,1.5,0.03,False,False,False,0.0,1.255065478611305,eigenmike,robothead+dicit
reliability_prior_code,a1_h0.03,1.0,0.03,False,False,False,0.0,1.3829471695778361,eigenmike,robothead+dicit
reliability_prior_code,a2_h0.03,2.0,0.03,False,False,False,0.0,1.3120667831794013,eigenmike,robothead+dicit
reliability_prior_code,a0.75_h0.03,0.75,0.03,False,False,False,2.126140196064086,2.596606253011672,robothead,eigenmike+dicit
reliability_prior_code,a1.25_h0.03,1.25,0.03,False,False,False,2.126140196064086,2.366393820568475,robothead,eigenmike+dicit
reliability_prior_code,a1.5_h0.03,1.5,0.03,False,False,False,0.0,1.255065478611305,robothead,eigenmike+dicit
reliability_prior_code,a1_h0.03,1.0,0.03,False,False,False,2.126140196064086,2.4460172676098795,robothead,eigenmike+dicit
reliability_prior_code,a2_h0.03,2.0,0.03,False,False,False,0.0,1.3120667831794013,robothead,eigenmike+dicit
reliability_prior_code,a0.75_h0.03,0.75,0.03,True,True,True,0.0,1.063070098032043,dicit,eigenmike+robothead
reliability_prior_code,a1.25_h0.03,1.25,0.03,True,True,True,0.0,1.063070098032043,dicit,eigenmike+robothead
reliability_prior_code,a1.5_h0.03,1.5,0.03,True,False,False,0.0,0.0,dicit,eigenmike+robothead
reliability_prior_code,a1_h0.03,1.0,0.03,True,True,True,0.0,1.063070098032043,dicit,eigenmike+robothead
reliability_prior_code,a2_h0.03,2.0,0.03,True,False,False,0.0,0.0,dicit,eigenmike+robothead
full_adaptive_freedom,a0.75_h0.03,0.75,0.03,False,False,False,6.0282083206799335,8.904158023955345,eigenmike,robothead+dicit
full_adaptive_freedom,a1.25_h0.03,1.25,0.03,False,False,False,-0.012589250412701642,2.1836660962103176,eigenmike,robothead+dicit
full_adaptive_freedom,a1.5_h0.03,1.5,0.03,True,True,True,0.0,1.9718928625282046,eigenmike,robothead+dicit
full_adaptive_freedom,a1_h0.03,1.0,0.03,False,False,False,-0.012589250412701642,2.7761613617247667,eigenmike,robothead+dicit
full_adaptive_freedom,a2_h0.03,2.0,0.03,True,True,True,0.0,1.6923041103146805,eigenmike,robothead+dicit
full_adaptive_freedom,a0.75_h0.03,0.75,0.03,False,False,False,6.0282083206799335,8.830859121244554,robothead,eigenmike+dicit
full_adaptive_freedom,a1.25_h0.03,1.25,0.03,True,False,False,4.379921442833337,8.025177632067171,robothead,eigenmike+dicit
full_adaptive_freedom,a1.5_h0.03,1.5,0.03,True,True,True,3.9437857250564092,7.391251236110146,robothead,eigenmike+dicit
full_adaptive_freedom,a1_h0.03,1.0,0.03,True,False,False,5.564911973862235,8.61767289758162,robothead,eigenmike+dicit
full_adaptive_freedom,a2_h0.03,2.0,0.03,True,True,True,3.384608220629361,4.3615036972925605,robothead,eigenmike+dicit
full_adaptive_freedom,a0.75_h0.03,0.75,0.03,False,True,False,11.633509921809175,11.706808824519966,dicit,eigenmike+robothead
full_adaptive_freedom,a1.25_h0.03,1.25,0.03,False,True,False,-0.012589250412701642,5.828922285444152,dicit,eigenmike+robothead
full_adaptive_freedom,a1.5_h0.03,1.5,0.03,True,True,True,0.0,5.419358373581941,dicit,eigenmike+robothead
full_adaptive_freedom,a1_h0.03,1.0,0.03,False,True,False,-0.012589250412701642,5.828922285444152,dicit,eigenmike+robothead
full_adaptive_freedom,a2_h0.03,2.0,0.03,True,True,True,0.0,2.6691995869778795,dicit,eigenmike+robothead
shared_log_reference,a0.75_h0.03,0.75,0.03,False,False,False,5.826351454002408,8.803229590616581,eigenmike,robothead+dicit
shared_log_reference,a1.25_h0.03,1.25,0.03,False,False,False,-0.012589250412701642,2.5083566243360798,eigenmike,robothead+dicit
shared_log_reference,a1.5_h0.03,1.5,0.03,False,False,False,0.0,1.9284234760901262,eigenmike,robothead+dicit
shared_log_reference,a1_h0.03,1.0,0.03,False,False,False,-0.012589250412701642,2.602629891442555,eigenmike,robothead+dicit
shared_log_reference,a2_h0.03,2.0,0.03,False,False,False,0.0,1.344738326317695,eigenmike,robothead+dicit
shared_log_reference,a0.75_h0.03,0.75,0.03,False,False,False,5.826351454002408,8.796232958700228,robothead,eigenmike+dicit
shared_log_reference,a1.25_h0.03,1.25,0.03,False,False,False,5.029302499084861,5.5997093735888726,robothead,eigenmike+dicit
shared_log_reference,a1.5_h0.03,1.5,0.03,False,False,False,3.8568469521802524,4.5976230630680055,robothead,eigenmike+dicit
shared_log_reference,a1_h0.03,1.0,0.03,False,False,False,5.217849033297812,8.425679477553494,robothead,eigenmike+dicit
shared_log_reference,a2_h0.03,2.0,0.03,False,False,False,2.68947665263539,2.950867815263525,robothead,eigenmike+dicit
shared_log_reference,a0.75_h0.03,0.75,0.03,False,True,False,11.766114463398049,11.773111095314402,dicit,eigenmike+robothead
shared_log_reference,a1.25_h0.03,1.25,0.03,False,True,False,-0.012589250412701642,3.078763498840091,dicit,eigenmike+robothead
shared_log_reference,a1.5_h0.03,1.5,0.03,True,True,True,0.0,2.6691995869778795,dicit,eigenmike+robothead
shared_log_reference,a1_h0.03,1.0,0.03,False,True,False,-0.012589250412701642,5.810460335698236,dicit,eigenmike+robothead
shared_log_reference,a2_h0.03,2.0,0.03,True,False,False,0.0,1.6061294889458297,dicit,eigenmike+robothead
