method,reconstructability,window_count,array_count,task_balanced_recording_macro_rmse_deg,e0_task_balanced_recording_macro_rmse_deg,overall_gain_vs_e0_pct,min_array_gain_vs_e0_pct,recording_nondegraded_fraction,adoption_count,adoption_fraction,adopted_improved,adopted_worsened,adopted_tied,conditional_improvement_rate,mean_adopted_error_change_deg,all_arrays_full_safety,all_arrays_task1_hard_gate,all_arrays_safety,new_gt10,removed_gt10,new_gt45,removed_gt45,loao_success_count,loao_training_feasible_count
E0,EXACT_OR_DETERMINISTIC_RESCORE,1728,3,7.673258513690722,7.673258513690722,0.0,0.0,1.0,0,0.0,0,0,0,,,True,False,False,0,0,0,0,,
ORIGINAL_R8,EXACT_OR_DETERMINISTIC_RESCORE,1728,3,7.800088457549129,7.673258513690722,-1.6528824570697802,-37.873980870170676,0.5057471264367815,493,0.28530092592592593,191,302,0,0.38742393509127787,0.12907508984067584,False,False,False,22,37,9,6,,
GEOMETRY_ONLY_HISTORICAL_A1_H0,EXACT_OR_DETERMINISTIC_RESCORE,1728,3,6.943228230958209,7.673258513690722,9.513953966622958,4.291334825157256,0.5977011494252874,302,0.17476851851851852,125,177,0,0.4139072847682119,-1.194572694390241,False,False,False,14,29,1,4,,
ANCHOR_ONLY_HISTORICAL_A0_H0.03,EXACT_OR_DETERMINISTIC_RESCORE,1728,3,7.5435579757888815,7.673258513690722,1.6902928224094995,-34.13519540491369,0.5287356321839081,482,0.2789351851851852,190,292,0,0.3941908713692946,-0.11087061825104248,False,False,False,20,37,8,6,,
GEOMETRY_PLUS_PEAK_NO_ANCHOR_HISTORICAL_A1_H0,EXACT_OR_DETERMINISTIC_RESCORE,1728,3,7.107949809329207,7.673258513690722,7.367257382934305,-0.5816329167962554,0.6091954022988505,221,0.12789351851851852,98,123,0,0.4434389140271493,-1.5719706564488027,False,False,False,13,24,0,3,,
A_FINAL_LAMBDA1.5,EXACT_OR_DETERMINISTIC_RESCORE,1728,3,7.12794509895586,7.673258513690722,7.106673309154212,0.0,0.896551724137931,79,0.045717592592592594,43,36,0,0.5443037974683544,-4.1948844982327165,False,False,False,7,13,0,3,,
B_FINAL_LAMBDA1.5,EXACT_OR_DETERMINISTIC_RESCORE,1728,3,7.627612643745287,7.673258513690722,0.5948694399386176,0.0,0.8850574712643677,55,0.031828703703703706,28,27,0,0.509090909090909,-0.5756151909635366,False,False,False,6,7,0,0,,
C_FULL_FINAL_LAMBDA1.5,EXACT_OR_DETERMINISTIC_RESCORE,1728,3,7.124795394552808,7.673258513690722,7.14772111690671,0.0,0.9310344827586207,68,0.03935185185185185,40,28,0,0.5882352941176471,-4.954736603985541,True,True,True,5,13,0,3,,
D_REFERENCE_LAMBDA1.5,EXACT_OR_DETERMINISTIC_RESCORE,1728,3,7.368310744461655,7.673258513690722,3.97416258926993,0.0,0.8735632183908045,97,0.05613425925925926,49,48,0,0.5051546391752577,-2.504188764286212,False,False,False,6,13,0,2,,
C_NO_EVIDENCE_CHANGE_GUARD,EXACT_OR_DETERMINISTIC_RESCORE,1728,3,7.1541402700025145,7.673258513690722,6.7652906879390295,-0.23288563873996143,0.7701149425287356,116,0.06712962962962964,58,58,0,0.5,-2.7718970971083174,False,True,False,9,19,0,3,,
ORACLE_R8_SUBSET_DIAGNOSTIC,EXACT_OR_DETERMINISTIC_RESCORE,1728,3,6.115100717206005,7.673258513690722,20.306337831634796,14.097937137993856,1.0,191,0.11053240740740741,191,0,0,1.0,-5.8547529646251935,True,True,True,0,37,0,6,,
ORACLE_C_PREGUARD_DIAGNOSTIC,EXACT_OR_DETERMINISTIC_RESCORE,1728,3,5.967304529267923,7.673258513690722,22.232458106018644,18.959021750623208,1.0,647,0.3744212962962963,647,0,0,1.0,-2.5996673362697638,True,True,True,0,92,0,5,,
SIMPLE_GATE_S1_RELIABILITY,EXACT_OR_DETERMINISTIC_RESCORE,1728,3,7.521053734612756,7.673258513690722,1.98357423780784,-6.921181425117007,0.7931034482758621,127,0.07349537037037036,24,103,0,0.1889763779527559,0.10431743916220798,False,False,False,3,3,1,3,1.0,2.0
SIMPLE_GATE_S2_ANGULAR_JUMP,EXACT_OR_DETERMINISTIC_RESCORE,1728,3,7.673391116107297,7.673258513690722,-0.0017281108975867106,-0.007291994461898547,0.9195402298850576,15,0.008680555555555556,6,9,0,0.4,0.03601956957126382,False,False,False,0,0,0,0,1.0,1.0
SIMPLE_GATE_S3_PATH_GAIN,EXACT_OR_DETERMINISTIC_RESCORE,1728,3,7.673377453937131,7.673258513690722,-0.0015500617657677443,-0.006540692398390891,0.8850574712643677,80,0.046296296296296294,44,36,0,0.55,-1.1024534118091922,False,False,False,8,14,1,0,1.0,2.0
SIMPLE_GATE_S4_PEAK_DEBT,EXACT_OR_DETERMINISTIC_RESCORE,1728,3,7.683763371119099,7.673258513690722,-0.13690217017495712,-0.5776769697609976,0.896551724137931,23,0.013310185185185185,6,17,0,0.2608695652173913,0.7561675260412877,False,False,False,1,0,0,0,1.0,1.0
