task,recording_name,mean_array_recording_delta_deg,contribution_to_primary_delta_deg,benefit_contribution_deg
task1,recording1,-2.0354088784794536e-16,-3.9142478432297185e-18,3.9142478432297185e-18
task1,recording10,0.11064107092923008,0.0021277129024851937,-0.0021277129024851937
task1,recording11,-1.5358085173981333e-15,-2.953477918073333e-17,2.953477918073333e-17
task1,recording12,2.0724163126336257e-15,3.985415985833895e-17,-3.985415985833895e-17
task1,recording13,8.881784197001252e-16,1.708035422500241e-17,-1.708035422500241e-17
task1,recording2,-0.015463290342348687,-0.0002973709681220901,0.0002973709681220901
task1,recording3,-0.18576435567286328,-0.003572391455247371,0.003572391455247371
task1,recording4,-1.295260195396016e-16,-2.4908849911461846e-18,2.4908849911461846e-18
task1,recording5,0.03609934993482226,0.0006942182679773512,-0.0006942182679773512
task1,recording6,-4.818834141185984,-0.09266988733049968,0.09266988733049968
task1,recording7,-8.141635513917814e-16,-1.5656991372918874e-17,1.5656991372918874e-17
task1,recording8,-0.019680692318561215,-0.00037847485228002337,0.00037847485228002337
task1,recording9,5.181040781584064e-16,9.963539964584738e-18,-9.963539964584738e-18
task2,recording10,1.5543122344752192e-15,6.47630097698008e-17,-6.47630097698008e-17
task2,recording11,-1.1657341758564144e-15,-4.85722573273506e-17,4.85722573273506e-17
task2,recording12,-1.1842378929335002e-15,-4.9343245538895844e-17,4.9343245538895844e-17
task2,recording13,0.02807052672793701,0.0011696052803307087,-0.0011696052803307087
task2,recording7,-0.10272259038770581,-0.004280107932821076,0.004280107932821076
task2,recording8,1.8133642735544222e-15,7.555684473143427e-17,-7.555684473143427e-17
task3,recording1,-0.2086445935893758,-0.01043222967946879,0.01043222967946879
task3,recording2,-2.6420619960486906,-0.13210309980243454,0.13210309980243454
task3,recording3,-5.07820007077985,-0.2539100035389925,0.2539100035389925
task3,recording4,-0.44024864216644816,-0.02201243210832241,0.02201243210832241
task3,recording5,-0.23433547306310207,-0.011716773653155103,0.011716773653155103
task4,recording1,-0.13839047719576314,-0.006919523859788157,0.006919523859788157
task4,recording2,0.05106993768651099,0.0025534968843255496,-0.0025534968843255496
task4,recording3,-0.03954121114733974,-0.001977060557366987,0.001977060557366987
task4,recording4,-0.206875232117086,-0.010343761605854299,0.010343761605854299
task4,recording5,-0.08790070257354306,-0.004395035128677153,0.004395035128677153
