release,protocol_id,task,recording,recording_name,required_time_row_index,timestamp_abs_s,active_source_index,target_activity_duration_s,target_activity_fraction_full_window,maximum_other_source_activity_fraction,strict_50pct_pass,sensitivity_80pct_pass,selection_rank,selection_rule,truth_used_for_estimation,error_used_for_selection,r8_output_used_for_selection
r8m-frozen-hearingaid-holdout-20260810,DOA-R8M-FROZEN-HEARINGAID-HOLDOUT-20260810,task3,<LOCATA_EVAL_ROOT>\task3\recording1,recording1,358,1485429921.624,0,0.11339268353656844,0.15119024471542458,0.0,False,False,0,uniform_time_spread_among_preregistered_eligible_anchors,False,False,False
r8m-frozen-hearingaid-holdout-20260810,DOA-R8M-FROZEN-HEARINGAID-HOLDOUT-20260810,task3,<LOCATA_EVAL_ROOT>\task3\recording1,recording1,452,1485429922.407,0,0.75,1.0,0.0,True,True,1,uniform_time_spread_among_preregistered_eligible_anchors,False,False,False
r8m-frozen-hearingaid-holdout-20260810,DOA-R8M-FROZEN-HEARINGAID-HOLDOUT-20260810,task3,<LOCATA_EVAL_ROOT>\task3\recording1,recording1,545,1485429923.173,0,0.75,1.0,0.0,True,True,2,uniform_time_spread_among_preregistered_eligible_anchors,False,False,False
r8m-frozen-hearingaid-holdout-20260810,DOA-R8M-FROZEN-HEARINGAID-HOLDOUT-20260810,task3,<LOCATA_EVAL_ROOT>\task3\recording1,recording1,696,1485429924.431,0,0.47538262826032607,0.6338435043471015,0.0,True,False,3,uniform_time_spread_among_preregistered_eligible_anchors,False,False,False
r8m-frozen-hearingaid-holdout-20260810,DOA-R8M-FROZEN-HEARINGAID-HOLDOUT-20260810,task3,<LOCATA_EVAL_ROOT>\task3\recording1,recording1,789,1485429925.207,0,0.75,1.0,0.0,True,True,4,uniform_time_spread_among_preregistered_eligible_anchors,False,False,False
r8m-frozen-hearingaid-holdout-20260810,DOA-R8M-FROZEN-HEARINGAID-HOLDOUT-20260810,task3,<LOCATA_EVAL_ROOT>\task3\recording1,recording1,883,1485429925.99,0,0.75,1.0,0.0,True,True,5,uniform_time_spread_among_preregistered_eligible_anchors,False,False,False
r8m-frozen-hearingaid-holdout-20260810,DOA-R8M-FROZEN-HEARINGAID-HOLDOUT-20260810,task3,<LOCATA_EVAL_ROOT>\task3\recording1,recording1,1048,1485429927.365,0,0.5659426127052026,0.7545901502736035,0.0,True,False,6,uniform_time_spread_among_preregistered_eligible_anchors,False,False,False
r8m-frozen-hearingaid-holdout-20260810,DOA-R8M-FROZEN-HEARINGAID-HOLDOUT-20260810,task3,<LOCATA_EVAL_ROOT>\task3\recording1,recording1,1142,1485429928.157,0,0.75,1.0,0.0,True,True,7,uniform_time_spread_among_preregistered_eligible_anchors,False,False,False
r8m-frozen-hearingaid-holdout-20260810,DOA-R8M-FROZEN-HEARINGAID-HOLDOUT-20260810,task3,<LOCATA_EVAL_ROOT>\task3\recording1,recording1,1236,1485429928.931,0,0.75,1.0,0.0,True,True,8,uniform_time_spread_among_preregistered_eligible_anchors,False,False,False
r8m-frozen-hearingaid-holdout-20260810,DOA-R8M-FROZEN-HEARINGAID-HOLDOUT-20260810,task3,<LOCATA_EVAL_ROOT>\task3\recording1,recording1,1432,1485429930.573,0,0.18959890003055468,0.25279853337407293,0.0,False,False,9,uniform_time_spread_among_preregistered_eligible_anchors,False,False,False
r8m-frozen-hearingaid-holdout-20260810,DOA-R8M-FROZEN-HEARINGAID-HOLDOUT-20260810,task3,<LOCATA_EVAL_ROOT>\task3\recording1,recording1,1526,1485429931.357,0,0.75,1.0,0.0,True,True,10,uniform_time_spread_among_preregistered_eligible_anchors,False,False,False
r8m-frozen-hearingaid-holdout-20260810,DOA-R8M-FROZEN-HEARINGAID-HOLDOUT-20260810,task3,<LOCATA_EVAL_ROOT>\task3\recording1,recording1,1795,1485429933.59,0,0.6175245132079664,0.8233660176106219,0.0,True,True,11,uniform_time_spread_among_preregistered_eligible_anchors,False,False,False
r8m-frozen-hearingaid-holdout-20260810,DOA-R8M-FROZEN-HEARINGAID-HOLDOUT-20260810,task3,<LOCATA_EVAL_ROOT>\task3\recording1,recording1,1889,1485429934.374,0,0.75,1.0,0.0,True,True,12,uniform_time_spread_among_preregistered_eligible_anchors,False,False,False
r8m-frozen-hearingaid-holdout-20260810,DOA-R8M-FROZEN-HEARINGAID-HOLDOUT-20260810,task3,<LOCATA_EVAL_ROOT>\task3\recording1,recording1,1983,1485429935.157,0,0.75,1.0,0.0,True,True,13,uniform_time_spread_among_preregistered_eligible_anchors,False,False,False
r8m-frozen-hearingaid-holdout-20260810,DOA-R8M-FROZEN-HEARINGAID-HOLDOUT-20260810,task3,<LOCATA_EVAL_ROOT>\task3\recording1,recording1,2169,1485429936.706,0,0.2632843532124108,0.35104580428321436,0.0,False,False,14,uniform_time_spread_among_preregistered_eligible_anchors,False,False,False
r8m-frozen-hearingaid-holdout-20260810,DOA-R8M-FROZEN-HEARINGAID-HOLDOUT-20260810,task3,<LOCATA_EVAL_ROOT>\task3\recording1,recording1,2263,1485429937.489,0,0.75,1.0,0.0,True,True,15,uniform_time_spread_among_preregistered_eligible_anchors,False,False,False
r8m-frozen-hearingaid-holdout-20260810,DOA-R8M-FROZEN-HEARINGAID-HOLDOUT-20260810,task3,<LOCATA_EVAL_ROOT>\task3\recording1,recording1,2356,1485429938.264,0,0.75,1.0,0.0,True,True,16,uniform_time_spread_among_preregistered_eligible_anchors,False,False,False
r8m-frozen-hearingaid-holdout-20260810,DOA-R8M-FROZEN-HEARINGAID-HOLDOUT-20260810,task3,<LOCATA_EVAL_ROOT>\task3\recording1,recording1,2450,1485429939.047,0,0.75,1.0,0.0,True,True,17,uniform_time_spread_among_preregistered_eligible_anchors,False,False,False
r8m-frozen-hearingaid-holdout-20260810,DOA-R8M-FROZEN-HEARINGAID-HOLDOUT-20260810,task3,<LOCATA_EVAL_ROOT>\task3\recording1,recording1,2639,1485429940.623,0,0.40603038804477654,0.5413738507263687,0.0,True,False,18,uniform_time_spread_among_preregistered_eligible_anchors,False,False,False
r8m-frozen-hearingaid-holdout-20260810,DOA-R8M-FROZEN-HEARINGAID-HOLDOUT-20260810,task3,<LOCATA_EVAL_ROOT>\task3\recording1,recording1,2733,1485429941.407,0,0.75,1.0,0.0,True,True,19,uniform_time_spread_among_preregistered_eligible_anchors,False,False,False
r8m-frozen-hearingaid-holdout-20260810,DOA-R8M-FROZEN-HEARINGAID-HOLDOUT-20260810,task3,<LOCATA_EVAL_ROOT>\task3\recording2,recording2,359,1485431740.856,0,0.10599705563734341,0.14132940751645787,0.0,False,False,0,uniform_time_spread_among_preregistered_eligible_anchors,False,False,False
r8m-frozen-hearingaid-holdout-20260810,DOA-R8M-FROZEN-HEARINGAID-HOLDOUT-20260810,task3,<LOCATA_EVAL_ROOT>\task3\recording2,recording2,419,1485431741.356,0,0.6059831671342463,0.807977556178995,0.0,True,True,1,uniform_time_spread_among_preregistered_eligible_anchors,False,False,False
r8m-frozen-hearingaid-holdout-20260810,DOA-R8M-FROZEN-HEARINGAID-HOLDOUT-20260810,task3,<LOCATA_EVAL_ROOT>\task3\recording2,recording2,479,1485431741.856,0,0.75,1.0,0.0,True,True,2,uniform_time_spread_among_preregistered_eligible_anchors,False,False,False
r8m-frozen-hearingaid-holdout-20260810,DOA-R8M-FROZEN-HEARINGAID-HOLDOUT-20260810,task3,<LOCATA_EVAL_ROOT>\task3\recording2,recording2,538,1485431742.35,0,0.75,1.0,0.0,True,True,3,uniform_time_spread_among_preregistered_eligible_anchors,False,False,False
r8m-frozen-hearingaid-holdout-20260810,DOA-R8M-FROZEN-HEARINGAID-HOLDOUT-20260810,task3,<LOCATA_EVAL_ROOT>\task3\recording2,recording2,734,1485431743.98,0,0.5148398655592901,0.6864531540790534,0.0,True,False,4,uniform_time_spread_among_preregistered_eligible_anchors,False,False,False
r8m-frozen-hearingaid-holdout-20260810,DOA-R8M-FROZEN-HEARINGAID-HOLDOUT-20260810,task3,<LOCATA_EVAL_ROOT>\task3\recording2,recording2,794,1485431744.483,0,0.75,1.0,0.0,True,True,5,uniform_time_spread_among_preregistered_eligible_anchors,False,False,False
r8m-frozen-hearingaid-holdout-20260810,DOA-R8M-FROZEN-HEARINGAID-HOLDOUT-20260810,task3,<LOCATA_EVAL_ROOT>\task3\recording2,recording2,854,1485431744.98,0,0.75,1.0,0.0,True,True,6,uniform_time_spread_among_preregistered_eligible_anchors,False,False,False
r8m-frozen-hearingaid-holdout-20260810,DOA-R8M-FROZEN-HEARINGAID-HOLDOUT-20260810,task3,<LOCATA_EVAL_ROOT>\task3\recording2,recording2,1101,1485431747.039,0,0.33611566345379296,0.4481542179383906,0.0,False,False,7,uniform_time_spread_among_preregistered_eligible_anchors,False,False,False
r8m-frozen-hearingaid-holdout-20260810,DOA-R8M-FROZEN-HEARINGAID-HOLDOUT-20260810,task3,<LOCATA_EVAL_ROOT>\task3\recording2,recording2,1160,1485431747.534,0,0.75,1.0,0.0,True,True,8,uniform_time_spread_among_preregistered_eligible_anchors,False,False,False
r8m-frozen-hearingaid-holdout-20260810,DOA-R8M-FROZEN-HEARINGAID-HOLDOUT-20260810,task3,<LOCATA_EVAL_ROOT>\task3\recording2,recording2,1220,1485431748.034,0,0.75,1.0,0.0,True,True,9,uniform_time_spread_among_preregistered_eligible_anchors,False,False,False
r8m-frozen-hearingaid-holdout-20260810,DOA-R8M-FROZEN-HEARINGAID-HOLDOUT-20260810,task3,<LOCATA_EVAL_ROOT>\task3\recording2,recording2,1426,1485431749.747,0,0.40646787589233635,0.5419571678564484,0.0,True,False,10,uniform_time_spread_among_preregistered_eligible_anchors,False,False,False
r8m-frozen-hearingaid-holdout-20260810,DOA-R8M-FROZEN-HEARINGAID-HOLDOUT-20260810,task3,<LOCATA_EVAL_ROOT>\task3\recording2,recording2,1486,1485431750.247,0,0.75,1.0,0.0,True,True,11,uniform_time_spread_among_preregistered_eligible_anchors,False,False,False
r8m-frozen-hearingaid-holdout-20260810,DOA-R8M-FROZEN-HEARINGAID-HOLDOUT-20260810,task3,<LOCATA_EVAL_ROOT>\task3\recording2,recording2,1545,1485431750.738,0,0.75,1.0,0.0,True,True,12,uniform_time_spread_among_preregistered_eligible_anchors,False,False,False
r8m-frozen-hearingaid-holdout-20260810,DOA-R8M-FROZEN-HEARINGAID-HOLDOUT-20260810,task3,<LOCATA_EVAL_ROOT>\task3\recording2,recording2,1605,1485431751.25,0,0.75,1.0,0.0,True,True,13,uniform_time_spread_among_preregistered_eligible_anchors,False,False,False
r8m-frozen-hearingaid-holdout-20260810,DOA-R8M-FROZEN-HEARINGAID-HOLDOUT-20260810,task3,<LOCATA_EVAL_ROOT>\task3\recording2,recording2,1850,1485431753.283,0,0.2979500569428627,0.3972667425904836,0.0,False,False,14,uniform_time_spread_among_preregistered_eligible_anchors,False,False,False
r8m-frozen-hearingaid-holdout-20260810,DOA-R8M-FROZEN-HEARINGAID-HOLDOUT-20260810,task3,<LOCATA_EVAL_ROOT>\task3\recording2,recording2,1910,1485431753.788,0,0.75,1.0,0.0,True,True,15,uniform_time_spread_among_preregistered_eligible_anchors,False,False,False
r8m-frozen-hearingaid-holdout-20260810,DOA-R8M-FROZEN-HEARINGAID-HOLDOUT-20260810,task3,<LOCATA_EVAL_ROOT>\task3\recording2,recording2,1970,1485431754.28,0,0.75,1.0,0.0,True,True,16,uniform_time_spread_among_preregistered_eligible_anchors,False,False,False
r8m-frozen-hearingaid-holdout-20260810,DOA-R8M-FROZEN-HEARINGAID-HOLDOUT-20260810,task3,<LOCATA_EVAL_ROOT>\task3\recording2,recording2,2029,1485431754.771,0,0.75,1.0,0.0,True,True,17,uniform_time_spread_among_preregistered_eligible_anchors,False,False,False
r8m-frozen-hearingaid-holdout-20260810,DOA-R8M-FROZEN-HEARINGAID-HOLDOUT-20260810,task3,<LOCATA_EVAL_ROOT>\task3\recording2,recording2,2425,1485431758.083,0,0.5486930918585595,0.731590789144746,0.0,True,False,18,uniform_time_spread_among_preregistered_eligible_anchors,False,False,False
r8m-frozen-hearingaid-holdout-20260810,DOA-R8M-FROZEN-HEARINGAID-HOLDOUT-20260810,task3,<LOCATA_EVAL_ROOT>\task3\recording2,recording2,2485,1485431758.571,0,0.75,1.0,0.0,True,True,19,uniform_time_spread_among_preregistered_eligible_anchors,False,False,False
r8m-frozen-hearingaid-holdout-20260810,DOA-R8M-FROZEN-HEARINGAID-HOLDOUT-20260810,task3,<LOCATA_EVAL_ROOT>\task3\recording3,recording3,241,1485433265.792,0,0.1074553484625427,0.14327379795005693,0.0,False,False,0,uniform_time_spread_among_preregistered_eligible_anchors,False,False,False
r8m-frozen-hearingaid-holdout-20260810,DOA-R8M-FROZEN-HEARINGAID-HOLDOUT-20260810,task3,<LOCATA_EVAL_ROOT>\task3\recording3,recording3,340,1485433266.612,0,0.75,1.0,0.0,True,True,1,uniform_time_spread_among_preregistered_eligible_anchors,False,False,False
r8m-frozen-hearingaid-holdout-20260810,DOA-R8M-FROZEN-HEARINGAID-HOLDOUT-20260810,task3,<LOCATA_EVAL_ROOT>\task3\recording3,recording3,440,1485433267.445,0,0.75,1.0,0.0,True,True,2,uniform_time_spread_among_preregistered_eligible_anchors,False,False,False
r8m-frozen-hearingaid-holdout-20260810,DOA-R8M-FROZEN-HEARINGAID-HOLDOUT-20260810,task3,<LOCATA_EVAL_ROOT>\task3\recording3,recording3,602,1485433268.795,0,0.6437112857976167,0.8582817143968223,0.0,True,True,3,uniform_time_spread_among_preregistered_eligible_anchors,False,False,False
r8m-frozen-hearingaid-holdout-20260810,DOA-R8M-FROZEN-HEARINGAID-HOLDOUT-20260810,task3,<LOCATA_EVAL_ROOT>\task3\recording3,recording3,701,1485433269.62,0,0.75,1.0,0.0,True,True,4,uniform_time_spread_among_preregistered_eligible_anchors,False,False,False
r8m-frozen-hearingaid-holdout-20260810,DOA-R8M-FROZEN-HEARINGAID-HOLDOUT-20260810,task3,<LOCATA_EVAL_ROOT>\task3\recording3,recording3,800,1485433270.446,0,0.75,1.0,0.0,True,True,5,uniform_time_spread_among_preregistered_eligible_anchors,False,False,False
r8m-frozen-hearingaid-holdout-20260810,DOA-R8M-FROZEN-HEARINGAID-HOLDOUT-20260810,task3,<LOCATA_EVAL_ROOT>\task3\recording3,recording3,962,1485433271.795,0,0.5634218493930724,0.7512291325240965,0.0,True,False,6,uniform_time_spread_among_preregistered_eligible_anchors,False,False,False
r8m-frozen-hearingaid-holdout-20260810,DOA-R8M-FROZEN-HEARINGAID-HOLDOUT-20260810,task3,<LOCATA_EVAL_ROOT>\task3\recording3,recording3,1061,1485433272.625,0,0.75,1.0,0.0,True,True,7,uniform_time_spread_among_preregistered_eligible_anchors,False,False,False
r8m-frozen-hearingaid-holdout-20260810,DOA-R8M-FROZEN-HEARINGAID-HOLDOUT-20260810,task3,<LOCATA_EVAL_ROOT>\task3\recording3,recording3,1160,1485433273.445,0,0.75,1.0,0.0,True,True,8,uniform_time_spread_among_preregistered_eligible_anchors,False,False,False
r8m-frozen-hearingaid-holdout-20260810,DOA-R8M-FROZEN-HEARINGAID-HOLDOUT-20260810,task3,<LOCATA_EVAL_ROOT>\task3\recording3,recording3,1349,1485433275.025,0,0.4464250993027971,0.5952334657370628,0.0,True,False,9,uniform_time_spread_among_preregistered_eligible_anchors,False,False,False
r8m-frozen-hearingaid-holdout-20260810,DOA-R8M-FROZEN-HEARINGAID-HOLDOUT-20260810,task3,<LOCATA_EVAL_ROOT>\task3\recording3,recording3,1449,1485433275.859,0,0.75,1.0,0.0,True,True,10,uniform_time_spread_among_preregistered_eligible_anchors,False,False,False
r8m-frozen-hearingaid-holdout-20260810,DOA-R8M-FROZEN-HEARINGAID-HOLDOUT-20260810,task3,<LOCATA_EVAL_ROOT>\task3\recording3,recording3,1667,1485433277.67,0,0.75,1.0,0.0,True,True,11,uniform_time_spread_among_preregistered_eligible_anchors,False,False,False
r8m-frozen-hearingaid-holdout-20260810,DOA-R8M-FROZEN-HEARINGAID-HOLDOUT-20260810,task3,<LOCATA_EVAL_ROOT>\task3\recording3,recording3,1766,1485433278.495,0,0.75,1.0,0.0,True,True,12,uniform_time_spread_among_preregistered_eligible_anchors,False,False,False
r8m-frozen-hearingaid-holdout-20260810,DOA-R8M-FROZEN-HEARINGAID-HOLDOUT-20260810,task3,<LOCATA_EVAL_ROOT>\task3\recording3,recording3,1912,1485433279.712,0,0.3665523179911669,0.48873642398822253,0.0,False,False,13,uniform_time_spread_among_preregistered_eligible_anchors,False,False,False
r8m-frozen-hearingaid-holdout-20260810,DOA-R8M-FROZEN-HEARINGAID-HOLDOUT-20260810,task3,<LOCATA_EVAL_ROOT>\task3\recording3,recording3,2012,1485433280.545,0,0.75,1.0,0.0,True,True,14,uniform_time_spread_among_preregistered_eligible_anchors,False,False,False
r8m-frozen-hearingaid-holdout-20260810,DOA-R8M-FROZEN-HEARINGAID-HOLDOUT-20260810,task3,<LOCATA_EVAL_ROOT>\task3\recording3,recording3,2204,1485433282.144,0,0.2542221049415294,0.33896280658870587,0.0,False,False,15,uniform_time_spread_among_preregistered_eligible_anchors,False,False,False
r8m-frozen-hearingaid-holdout-20260810,DOA-R8M-FROZEN-HEARINGAID-HOLDOUT-20260810,task3,<LOCATA_EVAL_ROOT>\task3\recording3,recording3,2303,1485433282.975,0,0.75,1.0,0.0,True,True,16,uniform_time_spread_among_preregistered_eligible_anchors,False,False,False
r8m-frozen-hearingaid-holdout-20260810,DOA-R8M-FROZEN-HEARINGAID-HOLDOUT-20260810,task3,<LOCATA_EVAL_ROOT>\task3\recording3,recording3,2474,1485433284.395,0,0.2697216743979334,0.3596288991972445,0.0,False,False,17,uniform_time_spread_among_preregistered_eligible_anchors,False,False,False
r8m-frozen-hearingaid-holdout-20260810,DOA-R8M-FROZEN-HEARINGAID-HOLDOUT-20260810,task3,<LOCATA_EVAL_ROOT>\task3\recording3,recording3,2574,1485433285.23,0,0.75,1.0,0.0,True,True,18,uniform_time_spread_among_preregistered_eligible_anchors,False,False,False
r8m-frozen-hearingaid-holdout-20260810,DOA-R8M-FROZEN-HEARINGAID-HOLDOUT-20260810,task3,<LOCATA_EVAL_ROOT>\task3\recording3,recording3,2673,1485433286.053,0,0.75,1.0,0.0,True,True,19,uniform_time_spread_among_preregistered_eligible_anchors,False,False,False
r8m-frozen-hearingaid-holdout-20260810,DOA-R8M-FROZEN-HEARINGAID-HOLDOUT-20260810,task3,<LOCATA_EVAL_ROOT>\task3\recording4,recording4,298,1485433543.678,0,0.11383017138412821,0.15177356184550428,0.0,False,False,0,uniform_time_spread_among_preregistered_eligible_anchors,False,False,False
r8m-frozen-hearingaid-holdout-20260810,DOA-R8M-FROZEN-HEARINGAID-HOLDOUT-20260810,task3,<LOCATA_EVAL_ROOT>\task3\recording4,recording4,409,1485433544.598,0,0.75,1.0,0.0,True,True,1,uniform_time_spread_among_preregistered_eligible_anchors,False,False,False
r8m-frozen-hearingaid-holdout-20260810,DOA-R8M-FROZEN-HEARINGAID-HOLDOUT-20260810,task3,<LOCATA_EVAL_ROOT>\task3\recording4,recording4,560,1485433545.862,0,0.4108635871225799,0.5478181161634399,0.0,True,False,2,uniform_time_spread_among_preregistered_eligible_anchors,False,False,False
r8m-frozen-hearingaid-holdout-20260810,DOA-R8M-FROZEN-HEARINGAID-HOLDOUT-20260810,task3,<LOCATA_EVAL_ROOT>\task3\recording4,recording4,670,1485433546.773,0,0.75,1.0,0.0,True,True,3,uniform_time_spread_among_preregistered_eligible_anchors,False,False,False
r8m-frozen-hearingaid-holdout-20260810,DOA-R8M-FROZEN-HEARINGAID-HOLDOUT-20260810,task3,<LOCATA_EVAL_ROOT>\task3\recording4,recording4,781,1485433547.698,0,0.75,1.0,0.0,True,True,4,uniform_time_spread_among_preregistered_eligible_anchors,False,False,False
r8m-frozen-hearingaid-holdout-20260810,DOA-R8M-FROZEN-HEARINGAID-HOLDOUT-20260810,task3,<LOCATA_EVAL_ROOT>\task3\recording4,recording4,991,1485433549.448,0,0.7047929224188216,0.9397238965584289,0.0,True,True,5,uniform_time_spread_among_preregistered_eligible_anchors,False,False,False
r8m-frozen-hearingaid-holdout-20260810,DOA-R8M-FROZEN-HEARINGAID-HOLDOUT-20260810,task3,<LOCATA_EVAL_ROOT>\task3\recording4,recording4,1130,1485433550.612,0,0.5108816421766061,0.6811755229021416,0.0,True,False,6,uniform_time_spread_among_preregistered_eligible_anchors,False,False,False
r8m-frozen-hearingaid-holdout-20260810,DOA-R8M-FROZEN-HEARINGAID-HOLDOUT-20260810,task3,<LOCATA_EVAL_ROOT>\task3\recording4,recording4,1297,1485433551.997,0,0.3415321796616761,0.45537623954890144,0.0,False,False,7,uniform_time_spread_among_preregistered_eligible_anchors,False,False,False
r8m-frozen-hearingaid-holdout-20260810,DOA-R8M-FROZEN-HEARINGAID-HOLDOUT-20260810,task3,<LOCATA_EVAL_ROOT>\task3\recording4,recording4,1407,1485433552.915,0,0.75,1.0,0.0,True,True,8,uniform_time_spread_among_preregistered_eligible_anchors,False,False,False
r8m-frozen-hearingaid-holdout-20260810,DOA-R8M-FROZEN-HEARINGAID-HOLDOUT-20260810,task3,<LOCATA_EVAL_ROOT>\task3\recording4,recording4,1518,1485433553.845,0,0.75,1.0,0.0,True,True,9,uniform_time_spread_among_preregistered_eligible_anchors,False,False,False
r8m-frozen-hearingaid-holdout-20260810,DOA-R8M-FROZEN-HEARINGAID-HOLDOUT-20260810,task3,<LOCATA_EVAL_ROOT>\task3\recording4,recording4,1719,1485433555.514,0,0.14316268992527986,0.1908835865670398,0.0,False,False,10,uniform_time_spread_among_preregistered_eligible_anchors,False,False,False
r8m-frozen-hearingaid-holdout-20260810,DOA-R8M-FROZEN-HEARINGAID-HOLDOUT-20260810,task3,<LOCATA_EVAL_ROOT>\task3\recording4,recording4,1830,1485433556.445,0,0.75,1.0,0.0,True,True,11,uniform_time_spread_among_preregistered_eligible_anchors,False,False,False
r8m-frozen-hearingaid-holdout-20260810,DOA-R8M-FROZEN-HEARINGAID-HOLDOUT-20260810,task3,<LOCATA_EVAL_ROOT>\task3\recording4,recording4,1940,1485433557.356,0,0.75,1.0,0.0,True,True,12,uniform_time_spread_among_preregistered_eligible_anchors,False,False,False
r8m-frozen-hearingaid-holdout-20260810,DOA-R8M-FROZEN-HEARINGAID-HOLDOUT-20260810,task3,<LOCATA_EVAL_ROOT>\task3\recording4,recording4,2096,1485433558.656,0,0.5611302463820449,0.7481736618427266,0.0,True,False,13,uniform_time_spread_among_preregistered_eligible_anchors,False,False,False
r8m-frozen-hearingaid-holdout-20260810,DOA-R8M-FROZEN-HEARINGAID-HOLDOUT-20260810,task3,<LOCATA_EVAL_ROOT>\task3\recording4,recording4,2207,1485433559.581,0,0.75,1.0,0.0,True,True,14,uniform_time_spread_among_preregistered_eligible_anchors,False,False,False
r8m-frozen-hearingaid-holdout-20260810,DOA-R8M-FROZEN-HEARINGAID-HOLDOUT-20260810,task3,<LOCATA_EVAL_ROOT>\task3\recording4,recording4,2318,1485433560.511,0,0.75,1.0,0.0,True,True,15,uniform_time_spread_among_preregistered_eligible_anchors,False,False,False
r8m-frozen-hearingaid-holdout-20260810,DOA-R8M-FROZEN-HEARINGAID-HOLDOUT-20260810,task3,<LOCATA_EVAL_ROOT>\task3\recording4,recording4,2557,1485433562.497,0,0.3264492652981862,0.43526568706424823,0.0,False,False,16,uniform_time_spread_among_preregistered_eligible_anchors,False,False,False
r8m-frozen-hearingaid-holdout-20260810,DOA-R8M-FROZEN-HEARINGAID-HOLDOUT-20260810,task3,<LOCATA_EVAL_ROOT>\task3\recording4,recording4,2667,1485433563.413,0,0.75,1.0,0.0,True,True,17,uniform_time_spread_among_preregistered_eligible_anchors,False,False,False
r8m-frozen-hearingaid-holdout-20260810,DOA-R8M-FROZEN-HEARINGAID-HOLDOUT-20260810,task3,<LOCATA_EVAL_ROOT>\task3\recording4,recording4,2870,1485433565.111,0,0.5339851670786923,0.7119802227715897,0.0,True,False,18,uniform_time_spread_among_preregistered_eligible_anchors,False,False,False
r8m-frozen-hearingaid-holdout-20260810,DOA-R8M-FROZEN-HEARINGAID-HOLDOUT-20260810,task3,<LOCATA_EVAL_ROOT>\task3\recording4,recording4,2981,1485433566.03,0,0.75,1.0,0.0,True,True,19,uniform_time_spread_among_preregistered_eligible_anchors,False,False,False
r8m-frozen-hearingaid-holdout-20260810,DOA-R8M-FROZEN-HEARINGAID-HOLDOUT-20260810,task3,<LOCATA_EVAL_ROOT>\task3\recording5,recording5,443,1485435387.155,0,0.10151801338851699,0.1353573511846893,0.0,False,False,0,uniform_time_spread_among_preregistered_eligible_anchors,False,False,False
r8m-frozen-hearingaid-holdout-20260810,DOA-R8M-FROZEN-HEARINGAID-HOLDOUT-20260810,task3,<LOCATA_EVAL_ROOT>\task3\recording5,recording5,510,1485435387.705,0,0.6515027360351102,0.8686703147134802,0.0,True,True,1,uniform_time_spread_among_preregistered_eligible_anchors,False,False,False
r8m-frozen-hearingaid-holdout-20260810,DOA-R8M-FROZEN-HEARINGAID-HOLDOUT-20260810,task3,<LOCATA_EVAL_ROOT>\task3\recording5,recording5,576,1485435388.255,0,0.75,1.0,0.0,True,True,2,uniform_time_spread_among_preregistered_eligible_anchors,False,False,False
r8m-frozen-hearingaid-holdout-20260810,DOA-R8M-FROZEN-HEARINGAID-HOLDOUT-20260810,task3,<LOCATA_EVAL_ROOT>\task3\recording5,recording5,643,1485435388.821,0,0.75,1.0,0.0,True,True,3,uniform_time_spread_among_preregistered_eligible_anchors,False,False,False
r8m-frozen-hearingaid-holdout-20260810,DOA-R8M-FROZEN-HEARINGAID-HOLDOUT-20260810,task3,<LOCATA_EVAL_ROOT>\task3\recording5,recording5,808,1485435390.188,0,0.3032415766228716,0.4043221021638288,0.0,False,False,4,uniform_time_spread_among_preregistered_eligible_anchors,False,False,False
r8m-frozen-hearingaid-holdout-20260810,DOA-R8M-FROZEN-HEARINGAID-HOLDOUT-20260810,task3,<LOCATA_EVAL_ROOT>\task3\recording5,recording5,875,1485435390.755,0,0.75,1.0,0.0,True,True,5,uniform_time_spread_among_preregistered_eligible_anchors,False,False,False
r8m-frozen-hearingaid-holdout-20260810,DOA-R8M-FROZEN-HEARINGAID-HOLDOUT-20260810,task3,<LOCATA_EVAL_ROOT>\task3\recording5,recording5,941,1485435391.297,0,0.75,1.0,0.0,True,True,6,uniform_time_spread_among_preregistered_eligible_anchors,False,False,False
r8m-frozen-hearingaid-holdout-20260810,DOA-R8M-FROZEN-HEARINGAID-HOLDOUT-20260810,task3,<LOCATA_EVAL_ROOT>\task3\recording5,recording5,1008,1485435391.855,0,0.75,1.0,0.0,True,True,7,uniform_time_spread_among_preregistered_eligible_anchors,False,False,False
r8m-frozen-hearingaid-holdout-20260810,DOA-R8M-FROZEN-HEARINGAID-HOLDOUT-20260810,task3,<LOCATA_EVAL_ROOT>\task3\recording5,recording5,1075,1485435392.422,0,0.75,1.0,0.0,True,True,8,uniform_time_spread_among_preregistered_eligible_anchors,False,False,False
r8m-frozen-hearingaid-holdout-20260810,DOA-R8M-FROZEN-HEARINGAID-HOLDOUT-20260810,task3,<LOCATA_EVAL_ROOT>\task3\recording5,recording5,1307,1485435394.355,0,0.24020166106497043,0.32026888141996057,0.0,False,False,9,uniform_time_spread_among_preregistered_eligible_anchors,False,False,False
r8m-frozen-hearingaid-holdout-20260810,DOA-R8M-FROZEN-HEARINGAID-HOLDOUT-20260810,task3,<LOCATA_EVAL_ROOT>\task3\recording5,recording5,1413,1485435395.23,0,0.42273825727063136,0.5636510096941751,0.0,True,False,10,uniform_time_spread_among_preregistered_eligible_anchors,False,False,False
r8m-frozen-hearingaid-holdout-20260810,DOA-R8M-FROZEN-HEARINGAID-HOLDOUT-20260810,task3,<LOCATA_EVAL_ROOT>\task3\recording5,recording5,1480,1485435395.789,0,0.5939835004583206,0.7919780006110941,0.0,True,False,11,uniform_time_spread_among_preregistered_eligible_anchors,False,False,False
r8m-frozen-hearingaid-holdout-20260810,DOA-R8M-FROZEN-HEARINGAID-HOLDOUT-20260810,task3,<LOCATA_EVAL_ROOT>\task3\recording5,recording5,1762,1485435398.14,0,0.3515944001555512,0.46879253354073497,0.0,False,False,12,uniform_time_spread_among_preregistered_eligible_anchors,False,False,False
r8m-frozen-hearingaid-holdout-20260810,DOA-R8M-FROZEN-HEARINGAID-HOLDOUT-20260810,task3,<LOCATA_EVAL_ROOT>\task3\recording5,recording5,1829,1485435398.704,0,0.75,1.0,0.0,True,True,13,uniform_time_spread_among_preregistered_eligible_anchors,False,False,False
r8m-frozen-hearingaid-holdout-20260810,DOA-R8M-FROZEN-HEARINGAID-HOLDOUT-20260810,task3,<LOCATA_EVAL_ROOT>\task3\recording5,recording5,2055,1485435400.588,0,0.4665078747812561,0.6220104997083414,0.0,True,False,14,uniform_time_spread_among_preregistered_eligible_anchors,False,False,False
r8m-frozen-hearingaid-holdout-20260810,DOA-R8M-FROZEN-HEARINGAID-HOLDOUT-20260810,task3,<LOCATA_EVAL_ROOT>\task3\recording5,recording5,2164,1485435401.488,0,0.48079914446820915,0.6410655259576122,0.0,True,False,15,uniform_time_spread_among_preregistered_eligible_anchors,False,False,False
r8m-frozen-hearingaid-holdout-20260810,DOA-R8M-FROZEN-HEARINGAID-HOLDOUT-20260810,task3,<LOCATA_EVAL_ROOT>\task3\recording5,recording5,2231,1485435402.046,0,0.75,1.0,0.0,True,True,16,uniform_time_spread_among_preregistered_eligible_anchors,False,False,False
r8m-frozen-hearingaid-holdout-20260810,DOA-R8M-FROZEN-HEARINGAID-HOLDOUT-20260810,task3,<LOCATA_EVAL_ROOT>\task3\recording5,recording5,2298,1485435402.607,0,0.75,1.0,0.0,True,True,17,uniform_time_spread_among_preregistered_eligible_anchors,False,False,False
r8m-frozen-hearingaid-holdout-20260810,DOA-R8M-FROZEN-HEARINGAID-HOLDOUT-20260810,task3,<LOCATA_EVAL_ROOT>\task3\recording5,recording5,2364,1485435403.154,0,0.75,1.0,0.0,True,True,18,uniform_time_spread_among_preregistered_eligible_anchors,False,False,False
r8m-frozen-hearingaid-holdout-20260810,DOA-R8M-FROZEN-HEARINGAID-HOLDOUT-20260810,task3,<LOCATA_EVAL_ROOT>\task3\recording5,recording5,2431,1485435403.713,0,0.75,1.0,0.0,True,True,19,uniform_time_spread_among_preregistered_eligible_anchors,False,False,False
r8m-frozen-hearingaid-holdout-20260810,DOA-R8M-FROZEN-HEARINGAID-HOLDOUT-20260810,task4,<LOCATA_EVAL_ROOT>\task4\recording1,recording1,253,1503155547.565,0,0.1098927807560901,0.1465237076747868,0.0,False,False,0,uniform_time_spread_among_preregistered_eligible_anchors,False,False,False
r8m-frozen-hearingaid-holdout-20260810,DOA-R8M-FROZEN-HEARINGAID-HOLDOUT-20260810,task4,<LOCATA_EVAL_ROOT>\task4\recording1,recording1,302,1503155547.966,0,0.5108816421766061,0.6811755229021416,0.0,True,False,1,uniform_time_spread_among_preregistered_eligible_anchors,False,False,False
r8m-frozen-hearingaid-holdout-20260810,DOA-R8M-FROZEN-HEARINGAID-HOLDOUT-20260810,task4,<LOCATA_EVAL_ROOT>\task4\recording1,recording1,548,1503155550.02,1,0.75,1.0,0.04055442904363768,True,True,2,uniform_time_spread_among_preregistered_eligible_anchors,False,False,False
r8m-frozen-hearingaid-holdout-20260810,DOA-R8M-FROZEN-HEARINGAID-HOLDOUT-20260810,task4,<LOCATA_EVAL_ROOT>\task4\recording1,recording1,931,1503155553.21,1,0.75,1.0,0.0,True,True,3,uniform_time_spread_among_preregistered_eligible_anchors,False,False,False
r8m-frozen-hearingaid-holdout-20260810,DOA-R8M-FROZEN-HEARINGAID-HOLDOUT-20260810,task4,<LOCATA_EVAL_ROOT>\task4\recording1,recording1,2388,1503155565.349,1,0.75,1.0,0.0,True,True,4,uniform_time_spread_among_preregistered_eligible_anchors,False,False,False
r8m-frozen-hearingaid-holdout-20260810,DOA-R8M-FROZEN-HEARINGAID-HOLDOUT-20260810,task4,<LOCATA_EVAL_ROOT>\task4\recording1,recording1,2555,1503155566.738,0,0.75,1.0,0.0,True,True,5,uniform_time_spread_among_preregistered_eligible_anchors,False,False,False
r8m-frozen-hearingaid-holdout-20260810,DOA-R8M-FROZEN-HEARINGAID-HOLDOUT-20260810,task4,<LOCATA_EVAL_ROOT>\task4\recording1,recording1,2852,1503155569.211,1,0.75,1.0,0.0,True,True,6,uniform_time_spread_among_preregistered_eligible_anchors,False,False,False
r8m-frozen-hearingaid-holdout-20260810,DOA-R8M-FROZEN-HEARINGAID-HOLDOUT-20260810,task4,<LOCATA_EVAL_ROOT>\task4\recording1,recording1,3385,1503155573.653,0,0.75,1.0,0.0,True,True,7,uniform_time_spread_among_preregistered_eligible_anchors,False,False,False
r8m-frozen-hearingaid-holdout-20260810,DOA-R8M-FROZEN-HEARINGAID-HOLDOUT-20260810,task4,<LOCATA_EVAL_ROOT>\task4\recording1,recording1,3791,1503155577.036,1,0.75,1.0,0.06622038276714536,True,True,8,uniform_time_spread_among_preregistered_eligible_anchors,False,False,False
r8m-frozen-hearingaid-holdout-20260810,DOA-R8M-FROZEN-HEARINGAID-HOLDOUT-20260810,task4,<LOCATA_EVAL_ROOT>\task4\recording1,recording1,5111,1503155588.04,0,0.75,1.0,0.0,True,True,9,uniform_time_spread_among_preregistered_eligible_anchors,False,False,False
r8m-frozen-hearingaid-holdout-20260810,DOA-R8M-FROZEN-HEARINGAID-HOLDOUT-20260810,task4,<LOCATA_EVAL_ROOT>\task4\recording1,recording1,5160,1503155588.443,0,0.75,1.0,0.0,True,True,10,uniform_time_spread_among_preregistered_eligible_anchors,False,False,False
r8m-frozen-hearingaid-holdout-20260810,DOA-R8M-FROZEN-HEARINGAID-HOLDOUT-20260810,task4,<LOCATA_EVAL_ROOT>\task4\recording1,recording1,5685,1503155592.818,0,0.22493125190966917,0.2999083358795589,0.0,False,False,11,uniform_time_spread_among_preregistered_eligible_anchors,False,False,False
r8m-frozen-hearingaid-holdout-20260810,DOA-R8M-FROZEN-HEARINGAID-HOLDOUT-20260810,task4,<LOCATA_EVAL_ROOT>\task4\recording1,recording1,5734,1503155593.233,0,0.6399197244520985,0.8532262992694647,0.0,True,True,12,uniform_time_spread_among_preregistered_eligible_anchors,False,False,False
r8m-frozen-hearingaid-holdout-20260810,DOA-R8M-FROZEN-HEARINGAID-HOLDOUT-20260810,task4,<LOCATA_EVAL_ROOT>\task4\recording1,recording1,6462,1503155599.294,0,0.75,1.0,0.0,True,True,13,uniform_time_spread_among_preregistered_eligible_anchors,False,False,False
r8m-frozen-hearingaid-holdout-20260810,DOA-R8M-FROZEN-HEARINGAID-HOLDOUT-20260810,task4,<LOCATA_EVAL_ROOT>\task4\recording1,recording1,6511,1503155599.703,0,0.75,1.0,0.0,True,True,14,uniform_time_spread_among_preregistered_eligible_anchors,False,False,False
r8m-frozen-hearingaid-holdout-20260810,DOA-R8M-FROZEN-HEARINGAID-HOLDOUT-20260810,task4,<LOCATA_EVAL_ROOT>\task4\recording1,recording1,6561,1503155600.129,0,0.75,1.0,0.0,True,True,15,uniform_time_spread_among_preregistered_eligible_anchors,False,False,False
r8m-frozen-hearingaid-holdout-20260810,DOA-R8M-FROZEN-HEARINGAID-HOLDOUT-20260810,task4,<LOCATA_EVAL_ROOT>\task4\recording1,recording1,6610,1503155600.529,0,0.75,1.0,0.0,True,True,16,uniform_time_spread_among_preregistered_eligible_anchors,False,False,False
r8m-frozen-hearingaid-holdout-20260810,DOA-R8M-FROZEN-HEARINGAID-HOLDOUT-20260810,task4,<LOCATA_EVAL_ROOT>\task4\recording1,recording1,7433,1503155607.391,0,0.6800644426543707,0.9067525902058277,0.0,True,True,17,uniform_time_spread_among_preregistered_eligible_anchors,False,False,False
r8m-frozen-hearingaid-holdout-20260810,DOA-R8M-FROZEN-HEARINGAID-HOLDOUT-20260810,task4,<LOCATA_EVAL_ROOT>\task4\recording1,recording1,8205,1503155613.817,1,0.75,1.0,0.0503874892364101,True,True,18,uniform_time_spread_among_preregistered_eligible_anchors,False,False,False
r8m-frozen-hearingaid-holdout-20260810,DOA-R8M-FROZEN-HEARINGAID-HOLDOUT-20260810,task4,<LOCATA_EVAL_ROOT>\task4\recording1,recording1,8526,1503155616.492,1,0.4317171745229299,0.5756228993639065,0.0,True,False,19,uniform_time_spread_among_preregistered_eligible_anchors,False,False,False
r8m-frozen-hearingaid-holdout-20260810,DOA-R8M-FROZEN-HEARINGAID-HOLDOUT-20260810,task4,<LOCATA_EVAL_ROOT>\task4\recording2,recording2,326,1503156231.615,0,0.10249715285686509,0.13666287047582013,0.0,False,False,0,uniform_time_spread_among_preregistered_eligible_anchors,False,False,False
r8m-frozen-hearingaid-holdout-20260810,DOA-R8M-FROZEN-HEARINGAID-HOLDOUT-20260810,task4,<LOCATA_EVAL_ROOT>\task4\recording2,recording2,735,1503156235.021,1,0.75,1.0,0.0,True,True,1,uniform_time_spread_among_preregistered_eligible_anchors,False,False,False
r8m-frozen-hearingaid-holdout-20260810,DOA-R8M-FROZEN-HEARINGAID-HOLDOUT-20260810,task4,<LOCATA_EVAL_ROOT>\task4\recording2,recording2,1101,1503156238.061,0,0.75,1.0,0.0,True,True,2,uniform_time_spread_among_preregistered_eligible_anchors,False,False,False
r8m-frozen-hearingaid-holdout-20260810,DOA-R8M-FROZEN-HEARINGAID-HOLDOUT-20260810,task4,<LOCATA_EVAL_ROOT>\task4\recording2,recording2,1546,1503156241.767,1,0.75,1.0,0.0,True,True,3,uniform_time_spread_among_preregistered_eligible_anchors,False,False,False
r8m-frozen-hearingaid-holdout-20260810,DOA-R8M-FROZEN-HEARINGAID-HOLDOUT-20260810,task4,<LOCATA_EVAL_ROOT>\task4\recording2,recording2,1911,1503156244.809,0,0.75,1.0,0.0,True,True,4,uniform_time_spread_among_preregistered_eligible_anchors,False,False,False
r8m-frozen-hearingaid-holdout-20260810,DOA-R8M-FROZEN-HEARINGAID-HOLDOUT-20260810,task4,<LOCATA_EVAL_ROOT>\task4\recording2,recording2,2386,1503156248.766,0,0.75,1.0,0.0,True,True,5,uniform_time_spread_among_preregistered_eligible_anchors,False,False,False
r8m-frozen-hearingaid-holdout-20260810,DOA-R8M-FROZEN-HEARINGAID-HOLDOUT-20260810,task4,<LOCATA_EVAL_ROOT>\task4\recording2,recording2,2751,1503156251.808,1,0.3531985222632705,0.47093136301769395,0.0,False,False,6,uniform_time_spread_among_preregistered_eligible_anchors,False,False,False
r8m-frozen-hearingaid-holdout-20260810,DOA-R8M-FROZEN-HEARINGAID-HOLDOUT-20260810,task4,<LOCATA_EVAL_ROOT>\task4\recording2,recording2,3033,1503156254.159,1,0.75,1.0,0.0,True,True,7,uniform_time_spread_among_preregistered_eligible_anchors,False,False,False
r8m-frozen-hearingaid-holdout-20260810,DOA-R8M-FROZEN-HEARINGAID-HOLDOUT-20260810,task4,<LOCATA_EVAL_ROOT>\task4\recording2,recording2,3398,1503156257.199,0,0.75,1.0,0.0,True,True,8,uniform_time_spread_among_preregistered_eligible_anchors,False,False,False
r8m-frozen-hearingaid-holdout-20260810,DOA-R8M-FROZEN-HEARINGAID-HOLDOUT-20260810,task4,<LOCATA_EVAL_ROOT>\task4\recording2,recording2,3859,1503156261.048,0,0.75,1.0,0.0,True,True,9,uniform_time_spread_among_preregistered_eligible_anchors,False,False,False
r8m-frozen-hearingaid-holdout-20260810,DOA-R8M-FROZEN-HEARINGAID-HOLDOUT-20260810,task4,<LOCATA_EVAL_ROOT>\task4\recording2,recording2,4239,1503156264.21,1,0.75,1.0,0.0,True,True,10,uniform_time_spread_among_preregistered_eligible_anchors,False,False,False
r8m-frozen-hearingaid-holdout-20260810,DOA-R8M-FROZEN-HEARINGAID-HOLDOUT-20260810,task4,<LOCATA_EVAL_ROOT>\task4\recording2,recording2,4630,1503156267.466,0,0.75,1.0,0.0,True,True,11,uniform_time_spread_among_preregistered_eligible_anchors,False,False,False
r8m-frozen-hearingaid-holdout-20260810,DOA-R8M-FROZEN-HEARINGAID-HOLDOUT-20260810,task4,<LOCATA_EVAL_ROOT>\task4\recording2,recording2,5118,1503156271.533,0,0.6142121052192995,0.8189494736257327,0.0,True,True,12,uniform_time_spread_among_preregistered_eligible_anchors,False,False,False
r8m-frozen-hearingaid-holdout-20260810,DOA-R8M-FROZEN-HEARINGAID-HOLDOUT-20260810,task4,<LOCATA_EVAL_ROOT>\task4\recording2,recording2,5496,1503156274.682,1,0.75,1.0,0.0,True,True,13,uniform_time_spread_among_preregistered_eligible_anchors,False,False,False
r8m-frozen-hearingaid-holdout-20260810,DOA-R8M-FROZEN-HEARINGAID-HOLDOUT-20260810,task4,<LOCATA_EVAL_ROOT>\task4\recording2,recording2,5861,1503156277.724,0,0.75,1.0,0.0,True,True,14,uniform_time_spread_among_preregistered_eligible_anchors,False,False,False
r8m-frozen-hearingaid-holdout-20260810,DOA-R8M-FROZEN-HEARINGAID-HOLDOUT-20260810,task4,<LOCATA_EVAL_ROOT>\task4\recording2,recording2,6255,1503156281.008,1,0.75,1.0,0.0,True,True,15,uniform_time_spread_among_preregistered_eligible_anchors,False,False,False
r8m-frozen-hearingaid-holdout-20260810,DOA-R8M-FROZEN-HEARINGAID-HOLDOUT-20260810,task4,<LOCATA_EVAL_ROOT>\task4\recording2,recording2,6619,1503156284.041,0,0.75,1.0,0.0,True,True,16,uniform_time_spread_among_preregistered_eligible_anchors,False,False,False
r8m-frozen-hearingaid-holdout-20260810,DOA-R8M-FROZEN-HEARINGAID-HOLDOUT-20260810,task4,<LOCATA_EVAL_ROOT>\task4\recording2,recording2,7009,1503156287.299,1,0.75,1.0,0.0,True,True,17,uniform_time_spread_among_preregistered_eligible_anchors,False,False,False
r8m-frozen-hearingaid-holdout-20260810,DOA-R8M-FROZEN-HEARINGAID-HOLDOUT-20260810,task4,<LOCATA_EVAL_ROOT>\task4\recording2,recording2,7467,1503156291.107,1,0.75,1.0,0.0,True,True,18,uniform_time_spread_among_preregistered_eligible_anchors,False,False,False
r8m-frozen-hearingaid-holdout-20260810,DOA-R8M-FROZEN-HEARINGAID-HOLDOUT-20260810,task4,<LOCATA_EVAL_ROOT>\task4\recording2,recording2,7832,1503156294.148,0,0.75,1.0,0.0,True,True,19,uniform_time_spread_among_preregistered_eligible_anchors,False,False,False
r8m-frozen-hearingaid-holdout-20260810,DOA-R8M-FROZEN-HEARINGAID-HOLDOUT-20260810,task4,<LOCATA_EVAL_ROOT>\task4\recording3,recording3,240,1503157447.953,0,0.10324713202411046,0.13766284269881393,0.0,False,False,0,uniform_time_spread_among_preregistered_eligible_anchors,False,False,False
r8m-frozen-hearingaid-holdout-20260810,DOA-R8M-FROZEN-HEARINGAID-HOLDOUT-20260810,task4,<LOCATA_EVAL_ROOT>\task4\recording3,recording3,1085,1503157454.989,0,0.75,1.0,0.0,True,True,1,uniform_time_spread_among_preregistered_eligible_anchors,False,False,False
r8m-frozen-hearingaid-holdout-20260810,DOA-R8M-FROZEN-HEARINGAID-HOLDOUT-20260810,task4,<LOCATA_EVAL_ROOT>\task4\recording3,recording3,1286,1503157456.668,1,0.75,1.0,0.0,True,True,2,uniform_time_spread_among_preregistered_eligible_anchors,False,False,False
r8m-frozen-hearingaid-holdout-20260810,DOA-R8M-FROZEN-HEARINGAID-HOLDOUT-20260810,task4,<LOCATA_EVAL_ROOT>\task4\recording3,recording3,1962,1503157462.296,1,0.75,1.0,0.04941529401961057,True,True,3,uniform_time_spread_among_preregistered_eligible_anchors,False,False,False
r8m-frozen-hearingaid-holdout-20260810,DOA-R8M-FROZEN-HEARINGAID-HOLDOUT-20260810,task4,<LOCATA_EVAL_ROOT>\task4\recording3,recording3,2617,1503157467.755,0,0.6248576428432543,0.8331435237910058,0.051498569484180995,True,True,4,uniform_time_spread_among_preregistered_eligible_anchors,False,False,False
r8m-frozen-hearingaid-holdout-20260810,DOA-R8M-FROZEN-HEARINGAID-HOLDOUT-20260810,task4,<LOCATA_EVAL_ROOT>\task4\recording3,recording3,2885,1503157469.989,0,0.75,1.0,0.0,True,True,5,uniform_time_spread_among_preregistered_eligible_anchors,False,False,False
r8m-frozen-hearingaid-holdout-20260810,DOA-R8M-FROZEN-HEARINGAID-HOLDOUT-20260810,task4,<LOCATA_EVAL_ROOT>\task4\recording3,recording3,3566,1503157475.662,1,0.75,1.0,0.0,True,True,6,uniform_time_spread_among_preregistered_eligible_anchors,False,False,False
r8m-frozen-hearingaid-holdout-20260810,DOA-R8M-FROZEN-HEARINGAID-HOLDOUT-20260810,task4,<LOCATA_EVAL_ROOT>\task4\recording3,recording3,4310,1503157481.864,0,0.14630843587678122,0.19507791450237494,0.04258215049581956,False,False,7,uniform_time_spread_among_preregistered_eligible_anchors,False,False,False
r8m-frozen-hearingaid-holdout-20260810,DOA-R8M-FROZEN-HEARINGAID-HOLDOUT-20260810,task4,<LOCATA_EVAL_ROOT>\task4\recording3,recording3,4662,1503157484.795,0,0.75,1.0,0.034304602649926394,True,True,8,uniform_time_spread_among_preregistered_eligible_anchors,False,False,False
r8m-frozen-hearingaid-holdout-20260810,DOA-R8M-FROZEN-HEARINGAID-HOLDOUT-20260810,task4,<LOCATA_EVAL_ROOT>\task4\recording3,recording3,4813,1503157486.055,1,0.75,1.0,0.0,True,True,9,uniform_time_spread_among_preregistered_eligible_anchors,False,False,False
r8m-frozen-hearingaid-holdout-20260810,DOA-R8M-FROZEN-HEARINGAID-HOLDOUT-20260810,task4,<LOCATA_EVAL_ROOT>\task4\recording3,recording3,5330,1503157490.363,0,0.75,1.0,0.0,True,True,10,uniform_time_spread_among_preregistered_eligible_anchors,False,False,False
r8m-frozen-hearingaid-holdout-20260810,DOA-R8M-FROZEN-HEARINGAID-HOLDOUT-20260810,task4,<LOCATA_EVAL_ROOT>\task4\recording3,recording3,5544,1503157492.146,1,0.75,1.0,0.0,True,True,11,uniform_time_spread_among_preregistered_eligible_anchors,False,False,False
r8m-frozen-hearingaid-holdout-20260810,DOA-R8M-FROZEN-HEARINGAID-HOLDOUT-20260810,task4,<LOCATA_EVAL_ROOT>\task4\recording3,recording3,5610,1503157492.701,1,0.75,1.0,0.0,True,True,12,uniform_time_spread_among_preregistered_eligible_anchors,False,False,False
r8m-frozen-hearingaid-holdout-20260810,DOA-R8M-FROZEN-HEARINGAID-HOLDOUT-20260810,task4,<LOCATA_EVAL_ROOT>\task4\recording3,recording3,5761,1503157493.953,0,0.75,1.0,0.0,True,True,13,uniform_time_spread_among_preregistered_eligible_anchors,False,False,False
r8m-frozen-hearingaid-holdout-20260810,DOA-R8M-FROZEN-HEARINGAID-HOLDOUT-20260810,task4,<LOCATA_EVAL_ROOT>\task4\recording3,recording3,5939,1503157495.436,1,0.75,1.0,0.0,True,True,14,uniform_time_spread_among_preregistered_eligible_anchors,False,False,False
r8m-frozen-hearingaid-holdout-20260810,DOA-R8M-FROZEN-HEARINGAID-HOLDOUT-20260810,task4,<LOCATA_EVAL_ROOT>\task4\recording3,recording3,6319,1503157498.612,1,0.5580886642037721,0.7441182189383628,0.05019305019305019,True,False,15,uniform_time_spread_among_preregistered_eligible_anchors,False,False,False
r8m-frozen-hearingaid-holdout-20260810,DOA-R8M-FROZEN-HEARINGAID-HOLDOUT-20260810,task4,<LOCATA_EVAL_ROOT>\task4\recording3,recording3,6386,1503157499.179,1,0.75,1.0,0.0,True,True,16,uniform_time_spread_among_preregistered_eligible_anchors,False,False,False
r8m-frozen-hearingaid-holdout-20260810,DOA-R8M-FROZEN-HEARINGAID-HOLDOUT-20260810,task4,<LOCATA_EVAL_ROOT>\task4\recording3,recording3,6781,1503157502.452,1,0.75,1.0,0.016277325629843617,True,True,17,uniform_time_spread_among_preregistered_eligible_anchors,False,False,False
r8m-frozen-hearingaid-holdout-20260810,DOA-R8M-FROZEN-HEARINGAID-HOLDOUT-20260810,task4,<LOCATA_EVAL_ROOT>\task4\recording3,recording3,6848,1503157503.011,1,0.75,1.0,0.0,True,True,18,uniform_time_spread_among_preregistered_eligible_anchors,False,False,False
r8m-frozen-hearingaid-holdout-20260810,DOA-R8M-FROZEN-HEARINGAID-HOLDOUT-20260810,task4,<LOCATA_EVAL_ROOT>\task4\recording3,recording3,7314,1503157506.894,0,0.75,1.0,0.0,True,True,19,uniform_time_spread_among_preregistered_eligible_anchors,False,False,False
r8m-frozen-hearingaid-holdout-20260810,DOA-R8M-FROZEN-HEARINGAID-HOLDOUT-20260810,task4,<LOCATA_EVAL_ROOT>\task4\recording4,recording4,377,1503157872.633,0,0.10076803422127162,0.1343573789616955,0.0,False,False,0,uniform_time_spread_among_preregistered_eligible_anchors,False,False,False
r8m-frozen-hearingaid-holdout-20260810,DOA-R8M-FROZEN-HEARINGAID-HOLDOUT-20260810,task4,<LOCATA_EVAL_ROOT>\task4\recording4,recording4,784,1503157876.025,0,0.37705202633260193,0.5027360351101359,0.0,True,False,1,uniform_time_spread_among_preregistered_eligible_anchors,False,False,False
r8m-frozen-hearingaid-holdout-20260810,DOA-R8M-FROZEN-HEARINGAID-HOLDOUT-20260810,task4,<LOCATA_EVAL_ROOT>\task4\recording4,recording4,846,1503157876.541,0,0.6282533818505042,0.8376711758006722,0.0,True,True,2,uniform_time_spread_among_preregistered_eligible_anchors,False,False,False
r8m-frozen-hearingaid-holdout-20260810,DOA-R8M-FROZEN-HEARINGAID-HOLDOUT-20260810,task4,<LOCATA_EVAL_ROOT>\task4\recording4,recording4,1183,1503157879.35,0,0.5310894141829394,0.7081192189105858,0.0,True,False,3,uniform_time_spread_among_preregistered_eligible_anchors,False,False,False
r8m-frozen-hearingaid-holdout-20260810,DOA-R8M-FROZEN-HEARINGAID-HOLDOUT-20260810,task4,<LOCATA_EVAL_ROOT>\task4\recording4,recording4,1806,1503157884.541,0,0.75,1.0,0.0,True,True,4,uniform_time_spread_among_preregistered_eligible_anchors,False,False,False
r8m-frozen-hearingaid-holdout-20260810,DOA-R8M-FROZEN-HEARINGAID-HOLDOUT-20260810,task4,<LOCATA_EVAL_ROOT>\task4\recording4,recording4,1868,1503157885.067,0,0.75,1.0,0.0,True,True,5,uniform_time_spread_among_preregistered_eligible_anchors,False,False,False
r8m-frozen-hearingaid-holdout-20260810,DOA-R8M-FROZEN-HEARINGAID-HOLDOUT-20260810,task4,<LOCATA_EVAL_ROOT>\task4\recording4,recording4,2262,1503157888.34,0,0.3392405766506486,0.4523207688675315,0.0,False,False,6,uniform_time_spread_among_preregistered_eligible_anchors,False,False,False
r8m-frozen-hearingaid-holdout-20260810,DOA-R8M-FROZEN-HEARINGAID-HOLDOUT-20260810,task4,<LOCATA_EVAL_ROOT>\task4\recording4,recording4,2779,1503157892.65,0,0.75,1.0,0.0,True,True,7,uniform_time_spread_among_preregistered_eligible_anchors,False,False,False
r8m-frozen-hearingaid-holdout-20260810,DOA-R8M-FROZEN-HEARINGAID-HOLDOUT-20260810,task4,<LOCATA_EVAL_ROOT>\task4\recording4,recording4,3177,1503157895.965,0,0.75,1.0,0.06385933724063221,True,True,8,uniform_time_spread_among_preregistered_eligible_anchors,False,False,False
r8m-frozen-hearingaid-holdout-20260810,DOA-R8M-FROZEN-HEARINGAID-HOLDOUT-20260810,task4,<LOCATA_EVAL_ROOT>\task4\recording4,recording4,3741,1503157900.664,0,0.3441154412377434,0.4588205883169912,0.0,False,False,9,uniform_time_spread_among_preregistered_eligible_anchors,False,False,False
r8m-frozen-hearingaid-holdout-20260810,DOA-R8M-FROZEN-HEARINGAID-HOLDOUT-20260810,task4,<LOCATA_EVAL_ROOT>\task4\recording4,recording4,4164,1503157904.189,0,0.75,1.0,0.0,True,True,10,uniform_time_spread_among_preregistered_eligible_anchors,False,False,False
r8m-frozen-hearingaid-holdout-20260810,DOA-R8M-FROZEN-HEARINGAID-HOLDOUT-20260810,task4,<LOCATA_EVAL_ROOT>\task4\recording4,recording4,4226,1503157904.706,0,0.75,1.0,0.0,True,True,11,uniform_time_spread_among_preregistered_eligible_anchors,False,False,False
r8m-frozen-hearingaid-holdout-20260810,DOA-R8M-FROZEN-HEARINGAID-HOLDOUT-20260810,task4,<LOCATA_EVAL_ROOT>\task4\recording4,recording4,4744,1503157909.023,1,0.75,1.0,0.0,True,True,12,uniform_time_spread_among_preregistered_eligible_anchors,False,False,False
r8m-frozen-hearingaid-holdout-20260810,DOA-R8M-FROZEN-HEARINGAID-HOLDOUT-20260810,task4,<LOCATA_EVAL_ROOT>\task4\recording4,recording4,4890,1503157910.246,0,0.75,1.0,0.0,True,True,13,uniform_time_spread_among_preregistered_eligible_anchors,False,False,False
r8m-frozen-hearingaid-holdout-20260810,DOA-R8M-FROZEN-HEARINGAID-HOLDOUT-20260810,task4,<LOCATA_EVAL_ROOT>\task4\recording4,recording4,5210,1503157912.906,0,0.75,1.0,0.0,True,True,14,uniform_time_spread_among_preregistered_eligible_anchors,False,False,False
r8m-frozen-hearingaid-holdout-20260810,DOA-R8M-FROZEN-HEARINGAID-HOLDOUT-20260810,task4,<LOCATA_EVAL_ROOT>\task4\recording4,recording4,5272,1503157913.423,0,0.75,1.0,0.0,True,True,15,uniform_time_spread_among_preregistered_eligible_anchors,False,False,False
r8m-frozen-hearingaid-holdout-20260810,DOA-R8M-FROZEN-HEARINGAID-HOLDOUT-20260810,task4,<LOCATA_EVAL_ROOT>\task4\recording4,recording4,5425,1503157914.697,1,0.75,1.0,0.0,True,True,16,uniform_time_spread_among_preregistered_eligible_anchors,False,False,False
r8m-frozen-hearingaid-holdout-20260810,DOA-R8M-FROZEN-HEARINGAID-HOLDOUT-20260810,task4,<LOCATA_EVAL_ROOT>\task4\recording4,recording4,6028,1503157919.722,1,0.2362017721729952,0.31493569623066026,0.030054720702202716,False,False,17,uniform_time_spread_among_preregistered_eligible_anchors,False,False,False
r8m-frozen-hearingaid-holdout-20260810,DOA-R8M-FROZEN-HEARINGAID-HOLDOUT-20260810,task4,<LOCATA_EVAL_ROOT>\task4\recording4,recording4,6977,1503157927.63,0,0.75,1.0,0.0,True,True,18,uniform_time_spread_among_preregistered_eligible_anchors,False,False,False
r8m-frozen-hearingaid-holdout-20260810,DOA-R8M-FROZEN-HEARINGAID-HOLDOUT-20260810,task4,<LOCATA_EVAL_ROOT>\task4\recording4,recording4,7300,1503157930.321,0,0.75,1.0,0.0,True,True,19,uniform_time_spread_among_preregistered_eligible_anchors,False,False,False
r8m-frozen-hearingaid-holdout-20260810,DOA-R8M-FROZEN-HEARINGAID-HOLDOUT-20260810,task4,<LOCATA_EVAL_ROOT>\task4\recording5,recording5,307,1503160365.346,0,0.10985111524679869,0.14646815366239826,0.0,False,False,0,uniform_time_spread_among_preregistered_eligible_anchors,False,False,False
r8m-frozen-hearingaid-holdout-20260810,DOA-R8M-FROZEN-HEARINGAID-HOLDOUT-20260810,task4,<LOCATA_EVAL_ROOT>\task4\recording5,recording5,351,1503160365.713,0,0.4768409210855254,0.6357878947807005,0.0,True,False,1,uniform_time_spread_among_preregistered_eligible_anchors,False,False,False
r8m-frozen-hearingaid-holdout-20260810,DOA-R8M-FROZEN-HEARINGAID-HOLDOUT-20260810,task4,<LOCATA_EVAL_ROOT>\task4\recording5,recording5,396,1503160366.08,0,0.75,1.0,0.0,True,True,2,uniform_time_spread_among_preregistered_eligible_anchors,False,False,False
r8m-frozen-hearingaid-holdout-20260810,DOA-R8M-FROZEN-HEARINGAID-HOLDOUT-20260810,task4,<LOCATA_EVAL_ROOT>\task4\recording5,recording5,440,1503160366.447,0,0.75,1.0,0.0,True,True,3,uniform_time_spread_among_preregistered_eligible_anchors,False,False,False
r8m-frozen-hearingaid-holdout-20260810,DOA-R8M-FROZEN-HEARINGAID-HOLDOUT-20260810,task4,<LOCATA_EVAL_ROOT>\task4\recording5,recording5,484,1503160366.81,0,0.75,1.0,0.0,True,True,4,uniform_time_spread_among_preregistered_eligible_anchors,False,False,False
r8m-frozen-hearingaid-holdout-20260810,DOA-R8M-FROZEN-HEARINGAID-HOLDOUT-20260810,task4,<LOCATA_EVAL_ROOT>\task4\recording5,recording5,1052,1503160371.543,0,0.2900544429321408,0.38673925724285435,0.0,False,False,5,uniform_time_spread_among_preregistered_eligible_anchors,False,False,False
r8m-frozen-hearingaid-holdout-20260810,DOA-R8M-FROZEN-HEARINGAID-HOLDOUT-20260810,task4,<LOCATA_EVAL_ROOT>\task4\recording5,recording5,1096,1503160371.91,0,0.6570442487708674,0.8760589983611566,0.0,True,True,6,uniform_time_spread_among_preregistered_eligible_anchors,False,False,False
r8m-frozen-hearingaid-holdout-20260810,DOA-R8M-FROZEN-HEARINGAID-HOLDOUT-20260810,task4,<LOCATA_EVAL_ROOT>\task4\recording5,recording5,2251,1503160381.535,0,0.75,1.0,0.0,True,True,7,uniform_time_spread_among_preregistered_eligible_anchors,False,False,False
r8m-frozen-hearingaid-holdout-20260810,DOA-R8M-FROZEN-HEARINGAID-HOLDOUT-20260810,task4,<LOCATA_EVAL_ROOT>\task4\recording5,recording5,2474,1503160383.395,1,0.75,1.0,0.0,True,True,8,uniform_time_spread_among_preregistered_eligible_anchors,False,False,False
r8m-frozen-hearingaid-holdout-20260810,DOA-R8M-FROZEN-HEARINGAID-HOLDOUT-20260810,task4,<LOCATA_EVAL_ROOT>\task4\recording5,recording5,4007,1503160396.169,1,0.3927390905808172,0.5236521207744229,0.0,True,False,9,uniform_time_spread_among_preregistered_eligible_anchors,False,False,False
r8m-frozen-hearingaid-holdout-20260810,DOA-R8M-FROZEN-HEARINGAID-HOLDOUT-20260810,task4,<LOCATA_EVAL_ROOT>\task4\recording5,recording5,4314,1503160398.725,0,0.75,1.0,0.030054720702202716,True,True,10,uniform_time_spread_among_preregistered_eligible_anchors,False,False,False
r8m-frozen-hearingaid-holdout-20260810,DOA-R8M-FROZEN-HEARINGAID-HOLDOUT-20260810,task4,<LOCATA_EVAL_ROOT>\task4\recording5,recording5,4358,1503160399.092,0,0.75,1.0,0.0,True,True,11,uniform_time_spread_among_preregistered_eligible_anchors,False,False,False
r8m-frozen-hearingaid-holdout-20260810,DOA-R8M-FROZEN-HEARINGAID-HOLDOUT-20260810,task4,<LOCATA_EVAL_ROOT>\task4\recording5,recording5,4979,1503160404.267,0,0.75,1.0,0.0,True,True,12,uniform_time_spread_among_preregistered_eligible_anchors,False,False,False
r8m-frozen-hearingaid-holdout-20260810,DOA-R8M-FROZEN-HEARINGAID-HOLDOUT-20260810,task4,<LOCATA_EVAL_ROOT>\task4\recording5,recording5,5108,1503160405.342,1,0.75,1.0,0.0,True,True,13,uniform_time_spread_among_preregistered_eligible_anchors,False,False,False
r8m-frozen-hearingaid-holdout-20260810,DOA-R8M-FROZEN-HEARINGAID-HOLDOUT-20260810,task4,<LOCATA_EVAL_ROOT>\task4\recording5,recording5,5152,1503160405.708,1,0.75,1.0,0.0,True,True,14,uniform_time_spread_among_preregistered_eligible_anchors,False,False,False
r8m-frozen-hearingaid-holdout-20260810,DOA-R8M-FROZEN-HEARINGAID-HOLDOUT-20260810,task4,<LOCATA_EVAL_ROOT>\task4\recording5,recording5,5663,1503160409.977,0,0.75,1.0,0.0,True,True,15,uniform_time_spread_among_preregistered_eligible_anchors,False,False,False
r8m-frozen-hearingaid-holdout-20260810,DOA-R8M-FROZEN-HEARINGAID-HOLDOUT-20260810,task4,<LOCATA_EVAL_ROOT>\task4\recording5,recording5,6210,1503160414.535,1,0.75,1.0,0.0,True,True,16,uniform_time_spread_among_preregistered_eligible_anchors,False,False,False
r8m-frozen-hearingaid-holdout-20260810,DOA-R8M-FROZEN-HEARINGAID-HOLDOUT-20260810,task4,<LOCATA_EVAL_ROOT>\task4\recording5,recording5,6717,1503160418.749,1,0.4481542179383906,0.5975389572511874,0.0,True,False,17,uniform_time_spread_among_preregistered_eligible_anchors,False,False,False
r8m-frozen-hearingaid-holdout-20260810,DOA-R8M-FROZEN-HEARINGAID-HOLDOUT-20260810,task4,<LOCATA_EVAL_ROOT>\task4\recording5,recording5,7095,1503160421.899,0,0.75,1.0,0.0,True,True,18,uniform_time_spread_among_preregistered_eligible_anchors,False,False,False
r8m-frozen-hearingaid-holdout-20260810,DOA-R8M-FROZEN-HEARINGAID-HOLDOUT-20260810,task4,<LOCATA_EVAL_ROOT>\task4\recording5,recording5,7139,1503160422.266,0,0.75,1.0,0.0,True,True,19,uniform_time_spread_among_preregistered_eligible_anchors,False,False,False
