release,protocol_id,task,recording_name,required_time_row_index,active_source_index,true_azimuth_deg,e0_estimate_deg,estimated_azimuth_deg,e0_signed_error_deg,signed_error_deg,e0_absolute_error_deg,absolute_error_deg,e0_squared_error_deg2,squared_error_deg2,adopt,pre_guard_adopt,guard_triggered,reassigned_pair_count,model_selection_gain,method,assignment_strength,anchor_strength,truth_used_for_estimation,task_identity_used_for_estimation,holdout_used_for_tuning
r8m-frozen-hearingaid-holdout-20260810,DOA-R8M-FROZEN-HEARINGAID-HOLDOUT-20260810,task3,recording1,358,0,-20.151724949450877,-16.58037448381916,-16.58037448381916,3.571350465631724,3.571350465631724,3.571350465631724,3.571350465631724,12.754544148367932,12.754544148367932,False,False,False,0,-0.3050392140093715,full_adaptive_freedom,1.5,0.03,False,False,False
r8m-frozen-hearingaid-holdout-20260810,DOA-R8M-FROZEN-HEARINGAID-HOLDOUT-20260810,task3,recording1,452,0,-18.697161227791746,-13.276339862550566,-13.276339862550566,5.420821365241181,5.420821365241181,5.420821365241181,5.420821365241181,29.385304273855265,29.385304273855265,False,False,False,0,-0.33901496672900133,full_adaptive_freedom,1.5,0.03,False,False,False
r8m-frozen-hearingaid-holdout-20260810,DOA-R8M-FROZEN-HEARINGAID-HOLDOUT-20260810,task3,recording1,545,0,-17.55359246645742,-13.28412568556837,-13.28412568556837,4.269466780889047,4.269466780889047,4.269466780889047,4.269466780889047,18.228346593115084,18.228346593115084,False,False,False,0,-0.38614743175756516,full_adaptive_freedom,1.5,0.03,False,False,False
r8m-frozen-hearingaid-holdout-20260810,DOA-R8M-FROZEN-HEARINGAID-HOLDOUT-20260810,task3,recording1,696,0,-14.699863859157878,-11.577010617677454,-11.577010617677454,3.1228532414804135,3.1228532414804135,3.1228532414804135,3.1228532414804135,9.752212367824725,9.752212367824725,False,False,False,0,-0.40703538320544375,full_adaptive_freedom,1.5,0.03,False,False,False
r8m-frozen-hearingaid-holdout-20260810,DOA-R8M-FROZEN-HEARINGAID-HOLDOUT-20260810,task3,recording1,789,0,-11.530824726135855,-9.252730607351792,-9.252730607351792,2.278094118784054,2.278094118784054,2.278094118784054,2.278094118784054,5.189712814038495,5.189712814038495,False,False,False,0,-0.522784369196621,full_adaptive_freedom,1.5,0.03,False,False,False
r8m-frozen-hearingaid-holdout-20260810,DOA-R8M-FROZEN-HEARINGAID-HOLDOUT-20260810,task3,recording1,883,0,-7.424417554695821,-7.728519968878578,-7.728519968878578,-0.30410241418275064,-0.30410241418275064,0.30410241418275064,0.30410241418275064,0.09247827831177721,0.09247827831177721,False,False,False,0,-0.6316966720345718,full_adaptive_freedom,1.5,0.03,False,False,False
r8m-frozen-hearingaid-holdout-20260810,DOA-R8M-FROZEN-HEARINGAID-HOLDOUT-20260810,task3,recording1,1048,0,2.7561974541788445,1.2230540475528253,1.2230540475528253,-1.5331434066260101,-1.5331434066260101,1.5331434066260101,1.5331434066260101,2.3505287052808073,2.3505287052808073,False,False,False,0,-0.2994000700125423,full_adaptive_freedom,1.5,0.03,False,False,False
r8m-frozen-hearingaid-holdout-20260810,DOA-R8M-FROZEN-HEARINGAID-HOLDOUT-20260810,task3,recording1,1142,0,7.21257182220114,4.783666281036846,4.783666281036846,-2.4289055411642835,-2.4289055411642835,2.4289055411642835,2.4289055411642835,5.899582127898561,5.899582127898561,False,False,False,0,-0.47731493210585624,full_adaptive_freedom,1.5,0.03,False,False,False
r8m-frozen-hearingaid-holdout-20260810,DOA-R8M-FROZEN-HEARINGAID-HOLDOUT-20260810,task3,recording1,1236,0,14.675413608654132,10.419438317381507,10.419438317381507,-4.25597529127262,-4.25597529127262,4.25597529127262,4.25597529127262,18.113325679923058,18.113325679923058,False,False,False,0,-0.602095726976057,full_adaptive_freedom,1.5,0.03,False,False,False
r8m-frozen-hearingaid-holdout-20260810,DOA-R8M-FROZEN-HEARINGAID-HOLDOUT-20260810,task3,recording1,1432,0,27.652190950525966,27.077928913375477,27.077928913375477,-0.5742620371505041,-0.5742620371505041,0.5742620371505041,0.5742620371505041,0.3297768873122469,0.3297768873122469,False,False,False,0,-0.28789624910701517,full_adaptive_freedom,1.5,0.03,False,False,False
r8m-frozen-hearingaid-holdout-20260810,DOA-R8M-FROZEN-HEARINGAID-HOLDOUT-20260810,task3,recording1,1526,0,38.34432822199212,34.55969925859995,34.55969925859995,-3.78462896339218,-3.78462896339218,3.78462896339218,3.78462896339218,14.323416390546967,14.323416390546967,False,False,False,0,-0.260901466394112,full_adaptive_freedom,1.5,0.03,False,False,False
r8m-frozen-hearingaid-holdout-20260810,DOA-R8M-FROZEN-HEARINGAID-HOLDOUT-20260810,task3,recording1,1795,0,48.45354093324422,79.99965486413433,79.99965486413433,31.5461139308901,31.5461139308901,31.5461139308901,31.5461139308901,995.1573041406986,995.1573041406986,False,False,False,0,-0.25259258230731985,full_adaptive_freedom,1.5,0.03,False,False,False
r8m-frozen-hearingaid-holdout-20260810,DOA-R8M-FROZEN-HEARINGAID-HOLDOUT-20260810,task3,recording1,1889,0,35.83858102425034,56.14224266570257,56.14224266570257,20.303661641452237,20.303661641452237,20.303661641452237,20.303661641452237,412.23867605057893,412.23867605057893,False,False,False,0,-0.17986435030826092,full_adaptive_freedom,1.5,0.03,False,False,False
r8m-frozen-hearingaid-holdout-20260810,DOA-R8M-FROZEN-HEARINGAID-HOLDOUT-20260810,task3,recording1,1983,0,23.9842923106225,43.891691895643355,43.891691895643355,19.90739958502087,19.90739958502087,19.90739958502087,19.90739958502087,396.30455823768904,396.30455823768904,False,False,False,0,-0.21220237555526267,full_adaptive_freedom,1.5,0.03,False,False,False
r8m-frozen-hearingaid-holdout-20260810,DOA-R8M-FROZEN-HEARINGAID-HOLDOUT-20260810,task3,recording1,2169,0,-2.4901540152267088,-0.573187028243113,-0.573187028243113,1.9169669869835957,1.9169669869835957,1.9169669869835957,1.9169669869835957,3.674762429184965,3.674762429184965,False,False,False,0,-0.30691215303584496,full_adaptive_freedom,1.5,0.03,False,False,False
r8m-frozen-hearingaid-holdout-20260810,DOA-R8M-FROZEN-HEARINGAID-HOLDOUT-20260810,task3,recording1,2263,0,-15.003324941708875,-8.897914114855116,-8.897914114855116,6.105410826853756,6.105410826853756,6.105410826853756,6.105410826853756,37.276041364663065,37.276041364663065,False,False,False,0,-0.4563975780025747,full_adaptive_freedom,1.5,0.03,False,False,False
r8m-frozen-hearingaid-holdout-20260810,DOA-R8M-FROZEN-HEARINGAID-HOLDOUT-20260810,task3,recording1,2356,0,-17.6031533081063,-16.71671705798761,-16.71671705798761,0.8864362501186918,0.8864362501186918,0.8864362501186918,0.8864362501186918,0.7857692255244878,0.7857692255244878,False,False,False,0,-0.4594507548088694,full_adaptive_freedom,1.5,0.03,False,False,False
r8m-frozen-hearingaid-holdout-20260810,DOA-R8M-FROZEN-HEARINGAID-HOLDOUT-20260810,task3,recording1,2450,0,-22.670798049938202,-19.75833633391172,-19.75833633391172,2.9124617160264847,2.9124617160264847,2.9124617160264847,2.9124617160264847,8.482433247319936,8.482433247319936,False,False,False,0,-0.5711038780128299,full_adaptive_freedom,1.5,0.03,False,False,False
r8m-frozen-hearingaid-holdout-20260810,DOA-R8M-FROZEN-HEARINGAID-HOLDOUT-20260810,task3,recording1,2639,0,-18.02565898238776,-19.8743948278581,-19.8743948278581,-1.848735845470344,-1.848735845470344,1.848735845470344,1.848735845470344,3.4178242263269474,3.4178242263269474,False,False,False,0,-0.5885653071960286,full_adaptive_freedom,1.5,0.03,False,False,False
r8m-frozen-hearingaid-holdout-20260810,DOA-R8M-FROZEN-HEARINGAID-HOLDOUT-20260810,task3,recording1,2733,0,-17.458790712546374,-13.834740472242121,-13.834740472242121,3.624050240304257,3.624050240304257,3.624050240304257,3.624050240304257,13.133740144249343,13.133740144249343,False,False,False,0,-0.5623797277677034,full_adaptive_freedom,1.5,0.03,False,False,False
r8m-frozen-hearingaid-holdout-20260810,DOA-R8M-FROZEN-HEARINGAID-HOLDOUT-20260810,task3,recording2,359,0,-10.127157557549442,-8.612596281345866,-8.612596281345866,1.5145612762035796,1.5145612762035796,1.5145612762035796,1.5145612762035796,2.2938958593754157,2.2938958593754157,False,False,False,0,-0.39419314416253465,full_adaptive_freedom,1.5,0.03,False,False,False
r8m-frozen-hearingaid-holdout-20260810,DOA-R8M-FROZEN-HEARINGAID-HOLDOUT-20260810,task3,recording2,419,0,-10.33518676534241,-6.790969997166147,-6.790969997166147,3.5442167681762555,3.5442167681762555,3.5442167681762555,3.5442167681762555,12.561472499821742,12.561472499821742,False,False,False,0,-0.5023537709838688,full_adaptive_freedom,1.5,0.03,False,False,False
r8m-frozen-hearingaid-holdout-20260810,DOA-R8M-FROZEN-HEARINGAID-HOLDOUT-20260810,task3,recording2,479,0,-10.540327515972253,-7.6596488620819,-7.6596488620819,2.8806786538903566,2.8806786538903566,2.8806786538903566,2.8806786538903566,8.298309506979557,8.298309506979557,False,False,False,0,-0.5847710010565063,full_adaptive_freedom,1.5,0.03,False,False,False
r8m-frozen-hearingaid-holdout-20260810,DOA-R8M-FROZEN-HEARINGAID-HOLDOUT-20260810,task3,recording2,538,0,-10.686371169316855,-6.369585358673159,-6.369585358673159,4.316785810643694,4.316785810643694,4.316785810643694,4.316785810643694,18.634639734974733,18.634639734974733,False,False,False,0,-0.5881276086930766,full_adaptive_freedom,1.5,0.03,False,False,False
r8m-frozen-hearingaid-holdout-20260810,DOA-R8M-FROZEN-HEARINGAID-HOLDOUT-20260810,task3,recording2,734,0,-6.927072383566019,-5.3783026745769655,-5.3783026745769655,1.548769708989056,1.548769708989056,1.548769708989056,1.548769708989056,2.3986876114820452,2.3986876114820452,False,False,False,0,-0.5286950502465761,full_adaptive_freedom,1.5,0.03,False,False,False
r8m-frozen-hearingaid-holdout-20260810,DOA-R8M-FROZEN-HEARINGAID-HOLDOUT-20260810,task3,recording2,794,0,-4.473105634136376,-2.427547996985888,-2.427547996985888,2.0455576371504947,2.0455576371504947,2.0455576371504947,2.0455576371504947,4.184306046904715,4.184306046904715,False,False,False,0,-0.427014745080583,full_adaptive_freedom,1.5,0.03,False,False,False
r8m-frozen-hearingaid-holdout-20260810,DOA-R8M-FROZEN-HEARINGAID-HOLDOUT-20260810,task3,recording2,854,0,0.4949652899156402,-0.29563157814505847,-0.29563157814505847,-0.7905968680607032,-0.7905968680607032,0.7905968680607032,0.7905968680607032,0.6250434077873929,0.6250434077873929,False,False,False,0,-0.6466884080218714,full_adaptive_freedom,1.5,0.03,False,False,False
r8m-frozen-hearingaid-holdout-20260810,DOA-R8M-FROZEN-HEARINGAID-HOLDOUT-20260810,task3,recording2,1101,0,20.057890634016246,15.366080244602976,15.366080244602976,-4.691810389413263,-4.691810389413263,4.691810389413263,4.691810389413263,22.013084730206234,22.013084730206234,False,False,False,0,-0.31884123311404255,full_adaptive_freedom,1.5,0.03,False,False,False
r8m-frozen-hearingaid-holdout-20260810,DOA-R8M-FROZEN-HEARINGAID-HOLDOUT-20260810,task3,recording2,1160,0,21.799997652732333,19.40683759644896,19.40683759644896,-2.3931600562833637,-2.3931600562833637,2.3931600562833637,2.3931600562833637,5.727215054990192,5.727215054990192,False,False,False,0,-0.523403234952031,full_adaptive_freedom,1.5,0.03,False,False,False
r8m-frozen-hearingaid-holdout-20260810,DOA-R8M-FROZEN-HEARINGAID-HOLDOUT-20260810,task3,recording2,1220,0,22.073158990732836,21.328846158059804,21.328846158059804,-0.7443128326730175,-0.7443128326730175,0.7443128326730175,0.7443128326730175,0.5540015928817313,0.5540015928817313,False,False,False,0,-0.4020763366052066,full_adaptive_freedom,1.5,0.03,False,False,False
r8m-frozen-hearingaid-holdout-20260810,DOA-R8M-FROZEN-HEARINGAID-HOLDOUT-20260810,task3,recording2,1426,0,22.378011740859574,26.045756764845894,26.045756764845894,3.6677450239863276,3.6677450239863276,3.6677450239863276,3.6677450239863276,13.452353560976468,13.452353560976468,False,False,False,0,-0.4154356656763241,full_adaptive_freedom,1.5,0.03,False,False,False
r8m-frozen-hearingaid-holdout-20260810,DOA-R8M-FROZEN-HEARINGAID-HOLDOUT-20260810,task3,recording2,1486,0,20.78385459499445,27.605697927042076,27.605697927042076,6.821843332047621,6.821843332047621,6.821843332047621,6.821843332047621,46.53754644700258,46.53754644700258,False,False,False,0,-0.47797924606015196,full_adaptive_freedom,1.5,0.03,False,False,False
r8m-frozen-hearingaid-holdout-20260810,DOA-R8M-FROZEN-HEARINGAID-HOLDOUT-20260810,task3,recording2,1545,0,19.16376866051902,17.194244269171804,17.194244269171804,-1.9695243913472211,-1.9695243913472211,1.9695243913472211,1.9695243913472211,3.879026328111642,3.879026328111642,False,False,False,0,-0.4773275323640025,full_adaptive_freedom,1.5,0.03,False,False,False
r8m-frozen-hearingaid-holdout-20260810,DOA-R8M-FROZEN-HEARINGAID-HOLDOUT-20260810,task3,recording2,1605,0,17.366813017331964,18.39836259387917,18.39836259387917,1.0315495765472065,1.0315495765472065,1.0315495765472065,1.0315495765472065,1.064094528874721,1.064094528874721,False,False,False,0,-0.5155705395429766,full_adaptive_freedom,1.5,0.03,False,False,False
r8m-frozen-hearingaid-holdout-20260810,DOA-R8M-FROZEN-HEARINGAID-HOLDOUT-20260810,task3,recording2,1850,0,12.735122904646543,8.11337764350421,8.11337764350421,-4.621745261142337,-4.621745261142337,4.621745261142337,4.621745261142337,21.36052925889165,21.36052925889165,False,False,False,0,-0.4978746728906317,full_adaptive_freedom,1.5,0.03,False,False,False
r8m-frozen-hearingaid-holdout-20260810,DOA-R8M-FROZEN-HEARINGAID-HOLDOUT-20260810,task3,recording2,1910,0,13.090227914321584,-38.630775822740354,-38.630775822740354,-51.72100373706195,-51.72100373706195,51.72100373706195,51.72100373706195,2675.0622275691762,2675.0622275691762,False,False,False,0,-0.1352489496435363,full_adaptive_freedom,1.5,0.03,False,False,False
r8m-frozen-hearingaid-holdout-20260810,DOA-R8M-FROZEN-HEARINGAID-HOLDOUT-20260810,task3,recording2,1970,0,13.33452250961058,6.134407281499643,6.134407281499643,-7.2001152281109455,-7.2001152281109455,7.2001152281109455,7.2001152281109455,51.841659298075136,51.841659298075136,False,False,False,0,-0.5254143234648895,full_adaptive_freedom,1.5,0.03,False,False,False
r8m-frozen-hearingaid-holdout-20260810,DOA-R8M-FROZEN-HEARINGAID-HOLDOUT-20260810,task3,recording2,2029,0,11.466363164768229,9.130336090576446,9.130336090576446,-2.336027074191776,-2.336027074191776,2.336027074191776,2.336027074191776,5.457022491356989,5.457022491356989,False,False,False,0,28.743514941506415,full_adaptive_freedom,1.5,0.03,False,False,False
r8m-frozen-hearingaid-holdout-20260810,DOA-R8M-FROZEN-HEARINGAID-HOLDOUT-20260810,task3,recording2,2425,0,-5.359691328464027,-3.936113233280972,-3.936113233280972,1.4235780951830463,1.4235780951830463,1.4235780951830463,1.4235780951830463,2.0265745930849905,2.0265745930849905,False,False,False,0,-0.7144852075232105,full_adaptive_freedom,1.5,0.03,False,False,False
r8m-frozen-hearingaid-holdout-20260810,DOA-R8M-FROZEN-HEARINGAID-HOLDOUT-20260810,task3,recording2,2485,0,-6.542205612478639,-3.7902532910684155,-3.7902532910684155,2.751952321410215,2.751952321410215,2.751952321410215,2.751952321410215,7.573241579315072,7.573241579315072,False,False,False,0,-0.6764723052003176,full_adaptive_freedom,1.5,0.03,False,False,False
r8m-frozen-hearingaid-holdout-20260810,DOA-R8M-FROZEN-HEARINGAID-HOLDOUT-20260810,task3,recording3,241,0,-12.64270257526325,-3.487095165740921,-3.487095165740921,9.155607409522332,9.155607409522332,9.155607409522332,9.155607409522332,83.82514703730023,83.82514703730023,False,False,False,0,-13.978644511445314,full_adaptive_freedom,1.5,0.03,False,False,False
r8m-frozen-hearingaid-holdout-20260810,DOA-R8M-FROZEN-HEARINGAID-HOLDOUT-20260810,task3,recording3,340,0,-6.581588727261916,-5.512031592472106,-5.512031592472106,1.069557134789818,1.069557134789818,1.069557134789818,1.069557134789818,1.1439524645798052,1.1439524645798052,False,False,False,0,-0.4405205057153979,full_adaptive_freedom,1.5,0.03,False,False,False
r8m-frozen-hearingaid-holdout-20260810,DOA-R8M-FROZEN-HEARINGAID-HOLDOUT-20260810,task3,recording3,440,0,-0.411199739880351,-2.69094162776091,-2.69094162776091,-2.2797418878805615,-2.2797418878805615,2.2797418878805615,2.2797418878805615,5.197223075357226,5.197223075357226,False,False,False,0,-0.5029976680177828,full_adaptive_freedom,1.5,0.03,False,False,False
r8m-frozen-hearingaid-holdout-20260810,DOA-R8M-FROZEN-HEARINGAID-HOLDOUT-20260810,task3,recording3,602,0,10.990769247309872,9.695907619957657,9.695907619957657,-1.294861627352219,-1.294861627352219,1.294861627352219,1.294861627352219,1.676666633989237,1.676666633989237,False,False,False,0,-0.6308521572702028,full_adaptive_freedom,1.5,0.03,False,False,False
r8m-frozen-hearingaid-holdout-20260810,DOA-R8M-FROZEN-HEARINGAID-HOLDOUT-20260810,task3,recording3,701,0,16.94110056634623,12.525046858104668,12.525046858104668,-4.416053708241549,-4.416053708241549,4.416053708241549,4.416053708241549,19.501530354073935,19.501530354073935,False,False,False,0,-0.5304980364301655,full_adaptive_freedom,1.5,0.03,False,False,False
r8m-frozen-hearingaid-holdout-20260810,DOA-R8M-FROZEN-HEARINGAID-HOLDOUT-20260810,task3,recording3,800,0,17.98203471697613,14.904489664798305,14.904489664798305,-3.077545052177811,-3.077545052177811,3.077545052177811,3.077545052177811,9.471283548184127,9.471283548184127,False,False,False,0,-0.269063386607911,full_adaptive_freedom,1.5,0.03,False,False,False
r8m-frozen-hearingaid-holdout-20260810,DOA-R8M-FROZEN-HEARINGAID-HOLDOUT-20260810,task3,recording3,962,0,11.17987841550359,11.096642529285539,11.096642529285539,-0.08323588621806266,-0.08323588621806266,0.08323588621806266,0.08323588621806266,0.006928212754506274,0.006928212754506274,False,False,False,0,-0.4374232292992035,full_adaptive_freedom,1.5,0.03,False,False,False
r8m-frozen-hearingaid-holdout-20260810,DOA-R8M-FROZEN-HEARINGAID-HOLDOUT-20260810,task3,recording3,1061,0,0.5460165436086204,4.030536360284568,4.030536360284568,3.4845198166759417,3.4845198166759417,3.4845198166759417,3.4845198166759417,12.141878352807339,12.141878352807339,False,False,False,0,-0.6731954956989021,full_adaptive_freedom,1.5,0.03,False,False,False
r8m-frozen-hearingaid-holdout-20260810,DOA-R8M-FROZEN-HEARINGAID-HOLDOUT-20260810,task3,recording3,1160,0,-9.812408716263796,-3.0422062939638996,-3.0422062939638996,6.770202422299889,6.770202422299889,6.770202422299889,6.770202422299889,45.83564083891528,45.83564083891528,False,False,False,0,-0.4605412024419146,full_adaptive_freedom,1.5,0.03,False,False,False
r8m-frozen-hearingaid-holdout-20260810,DOA-R8M-FROZEN-HEARINGAID-HOLDOUT-20260810,task3,recording3,1349,0,-24.96184704441104,-18.486727704131283,-18.486727704131283,6.475119340279747,6.475119340279747,6.475119340279747,6.475119340279747,41.92717047086482,41.92717047086482,False,False,False,0,-0.44985194584655075,full_adaptive_freedom,1.5,0.03,False,False,False
r8m-frozen-hearingaid-holdout-20260810,DOA-R8M-FROZEN-HEARINGAID-HOLDOUT-20260810,task3,recording3,1449,0,-19.597186980140993,-16.906781928022053,-16.906781928022053,2.6904050521189333,2.6904050521189333,2.6904050521189333,2.6904050521189333,7.23827934446708,7.23827934446708,False,False,False,0,-0.5087540216051577,full_adaptive_freedom,1.5,0.03,False,False,False
r8m-frozen-hearingaid-holdout-20260810,DOA-R8M-FROZEN-HEARINGAID-HOLDOUT-20260810,task3,recording3,1667,0,4.1919202344611,-0.6161995735166307,-0.6161995735166307,-4.808119807977732,-4.808119807977732,4.808119807977732,4.808119807977732,23.118016087867826,23.118016087867826,False,False,False,0,-0.5504111926560588,full_adaptive_freedom,1.5,0.03,False,False,False
r8m-frozen-hearingaid-holdout-20260810,DOA-R8M-FROZEN-HEARINGAID-HOLDOUT-20260810,task3,recording3,1766,0,16.258528438514514,6.454941020517488,6.454941020517488,-9.803587417997022,-9.803587417997022,9.803587417997022,9.803587417997022,96.11032626230951,96.11032626230951,False,False,False,0,-0.41987616751431983,full_adaptive_freedom,1.5,0.03,False,False,False
r8m-frozen-hearingaid-holdout-20260810,DOA-R8M-FROZEN-HEARINGAID-HOLDOUT-20260810,task3,recording3,1912,0,28.947047638891952,26.6268021299778,26.6268021299778,-2.320245508914155,-2.320245508914155,2.320245508914155,2.320245508914155,5.3835392216363065,5.3835392216363065,False,False,False,0,-0.12507516413726255,full_adaptive_freedom,1.5,0.03,False,False,False
r8m-frozen-hearingaid-holdout-20260810,DOA-R8M-FROZEN-HEARINGAID-HOLDOUT-20260810,task3,recording3,2012,0,33.32915369745261,36.86355793236683,36.86355793236683,3.534404234914234,3.534404234914234,3.534404234914234,3.534404234914234,12.492013295779673,12.492013295779673,False,False,False,0,-0.1359995434426905,full_adaptive_freedom,1.5,0.03,False,False,False
r8m-frozen-hearingaid-holdout-20260810,DOA-R8M-FROZEN-HEARINGAID-HOLDOUT-20260810,task3,recording3,2204,0,10.792127748010541,11.670190119155121,11.670190119155121,0.8780623711445799,0.8780623711445799,0.8780623711445799,0.8780623711445799,0.7709935276200419,0.7709935276200419,False,False,False,0,-0.4994340249764973,full_adaptive_freedom,1.5,0.03,False,False,False
r8m-frozen-hearingaid-holdout-20260810,DOA-R8M-FROZEN-HEARINGAID-HOLDOUT-20260810,task3,recording3,2303,0,-8.683381700736913,0.9538090536151345,0.9538090536151345,9.637190754352048,9.637190754352048,9.637190754352048,9.637190754352048,92.8754456357686,92.8754456357686,False,False,False,0,-0.4765003922848475,full_adaptive_freedom,1.5,0.03,False,False,False
r8m-frozen-hearingaid-holdout-20260810,DOA-R8M-FROZEN-HEARINGAID-HOLDOUT-20260810,task3,recording3,2474,0,-31.622311816385135,-40.8732981278001,-40.8732981278001,-9.250986311414977,-9.250986311414977,9.250986311414977,9.250986311414977,85.58074773398728,85.58074773398728,False,False,False,0,-0.19031697804022144,full_adaptive_freedom,1.5,0.03,False,False,False
r8m-frozen-hearingaid-holdout-20260810,DOA-R8M-FROZEN-HEARINGAID-HOLDOUT-20260810,task3,recording3,2574,0,-20.165878639962447,-33.63506198767375,-33.63506198767375,-13.469183347711294,-13.469183347711294,13.469183347711294,13.469183347711294,181.41890005426322,181.41890005426322,False,False,False,0,-0.3793409058880089,full_adaptive_freedom,1.5,0.03,False,False,False
r8m-frozen-hearingaid-holdout-20260810,DOA-R8M-FROZEN-HEARINGAID-HOLDOUT-20260810,task3,recording3,2673,0,-4.8528970454731315,-13.325325599021138,-13.325325599021138,-8.472428553548013,-8.472428553548013,8.472428553548013,8.472428553548013,71.78204559497568,71.78204559497568,False,False,False,0,-0.5151928010041789,full_adaptive_freedom,1.5,0.03,False,False,False
r8m-frozen-hearingaid-holdout-20260810,DOA-R8M-FROZEN-HEARINGAID-HOLDOUT-20260810,task3,recording4,298,0,-2.5490548217314055,2.986088223011327,2.986088223011327,5.535143044742739,5.535143044742739,5.535143044742739,5.535143044742739,30.63780852576392,30.63780852576392,False,False,False,0,-0.19656967008376067,full_adaptive_freedom,1.5,0.03,False,False,False
r8m-frozen-hearingaid-holdout-20260810,DOA-R8M-FROZEN-HEARINGAID-HOLDOUT-20260810,task3,recording4,409,0,2.6353213271546503,0.06971731149845312,0.06971731149845312,-2.5656040156561915,-2.5656040156561915,2.5656040156561915,2.5656040156561915,6.582323965151175,6.582323965151175,False,False,False,0,-0.6215838931686856,full_adaptive_freedom,1.5,0.03,False,False,False
r8m-frozen-hearingaid-holdout-20260810,DOA-R8M-FROZEN-HEARINGAID-HOLDOUT-20260810,task3,recording4,560,0,16.543053213260446,5.566598046932783,5.566598046932783,-10.976455166327668,-10.976455166327668,10.976455166327668,10.976455166327668,120.48256801840135,120.48256801840135,False,False,False,0,-0.5747953732869663,full_adaptive_freedom,1.5,0.03,False,False,False
r8m-frozen-hearingaid-holdout-20260810,DOA-R8M-FROZEN-HEARINGAID-HOLDOUT-20260810,task3,recording4,670,0,10.794619528962087,16.57148649901783,16.57148649901783,5.77686697005575,5.77686697005575,5.77686697005575,5.77686697005575,33.372191989721095,33.372191989721095,False,False,False,0,-0.4192576919455233,full_adaptive_freedom,1.5,0.03,False,False,False
r8m-frozen-hearingaid-holdout-20260810,DOA-R8M-FROZEN-HEARINGAID-HOLDOUT-20260810,task3,recording4,781,0,2.117809700649846,6.961354578197996,6.961354578197996,4.8435448775481404,4.8435448775481404,4.8435448775481404,4.8435448775481404,23.459926980822832,23.459926980822832,False,False,False,0,-0.4938751049140515,full_adaptive_freedom,1.5,0.03,False,False,False
r8m-frozen-hearingaid-holdout-20260810,DOA-R8M-FROZEN-HEARINGAID-HOLDOUT-20260810,task3,recording4,991,0,-5.3867907909546435,1.797115938158487,1.797115938158487,7.183906729113119,7.183906729113119,7.183906729113119,7.183906729113119,51.60851589259675,51.60851589259675,False,False,False,0,-0.6073533408209801,full_adaptive_freedom,1.5,0.03,False,False,False
r8m-frozen-hearingaid-holdout-20260810,DOA-R8M-FROZEN-HEARINGAID-HOLDOUT-20260810,task3,recording4,1130,0,5.616285641254679,7.673094479128811,7.673094479128811,2.0568088378741436,2.0568088378741436,2.0568088378741436,2.0568088378741436,4.230462595557185,4.230462595557185,False,False,False,0,-0.5682399415509838,full_adaptive_freedom,1.5,0.03,False,False,False
r8m-frozen-hearingaid-holdout-20260810,DOA-R8M-FROZEN-HEARINGAID-HOLDOUT-20260810,task3,recording4,1297,0,10.571047081498106,9.60262704139637,9.60262704139637,-0.9684200401017335,-0.9684200401017335,0.9684200401017335,0.9684200401017335,0.9378373740706432,0.9378373740706432,False,False,False,0,-0.33532493620782766,full_adaptive_freedom,1.5,0.03,False,False,False
r8m-frozen-hearingaid-holdout-20260810,DOA-R8M-FROZEN-HEARINGAID-HOLDOUT-20260810,task3,recording4,1407,0,11.698308711261392,8.198572903440253,8.198572903440253,-3.499735807821139,-3.499735807821139,3.499735807821139,3.499735807821139,12.248150724545482,12.248150724545482,False,False,False,0,-0.5468306201454022,full_adaptive_freedom,1.5,0.03,False,False,False
r8m-frozen-hearingaid-holdout-20260810,DOA-R8M-FROZEN-HEARINGAID-HOLDOUT-20260810,task3,recording4,1518,0,11.840324356413758,11.885731558263846,11.885731558263846,0.0454072018500824,0.0454072018500824,0.0454072018500824,0.0454072018500824,0.0020618139798541267,0.0020618139798541267,False,False,False,0,-0.5772674174776755,full_adaptive_freedom,1.5,0.03,False,False,False
r8m-frozen-hearingaid-holdout-20260810,DOA-R8M-FROZEN-HEARINGAID-HOLDOUT-20260810,task3,recording4,1719,0,20.38345093596514,17.423952613986955,17.423952613986955,-2.959498321978174,-2.959498321978174,2.959498321978174,2.959498321978174,8.758630317791626,8.758630317791626,False,False,False,0,-0.49835915250277607,full_adaptive_freedom,1.5,0.03,False,False,False
r8m-frozen-hearingaid-holdout-20260810,DOA-R8M-FROZEN-HEARINGAID-HOLDOUT-20260810,task3,recording4,1830,0,30.00550875499018,21.531891654681967,21.531891654681967,-8.473617100308218,-8.473617100308218,8.473617100308218,8.473617100308218,71.80218676263584,71.80218676263584,False,False,False,0,-0.46425207009641123,full_adaptive_freedom,1.5,0.03,False,False,False
r8m-frozen-hearingaid-holdout-20260810,DOA-R8M-FROZEN-HEARINGAID-HOLDOUT-20260810,task3,recording4,1940,0,33.72577328400187,38.06896231187141,38.06896231187141,4.343189027869528,4.343189027869528,4.343189027869528,4.343189027869528,18.863290931806254,18.863290931806254,False,False,False,0,-0.38086899559549936,full_adaptive_freedom,1.5,0.03,False,False,False
r8m-frozen-hearingaid-holdout-20260810,DOA-R8M-FROZEN-HEARINGAID-HOLDOUT-20260810,task3,recording4,2096,0,27.719893118614877,38.170930064886846,38.170930064886846,10.451036946271984,10.451036946271984,10.451036946271984,10.451036946271984,109.22417325234203,109.22417325234203,False,False,False,0,-0.4050920451838188,full_adaptive_freedom,1.5,0.03,False,False,False
r8m-frozen-hearingaid-holdout-20260810,DOA-R8M-FROZEN-HEARINGAID-HOLDOUT-20260810,task3,recording4,2207,0,-9.553713258354344,4.998725368561991,4.998725368561991,14.552438626916341,14.552438626916341,14.552438626916341,14.552438626916341,211.77346999016677,211.77346999016677,False,False,False,0,-0.42010834544426223,full_adaptive_freedom,1.5,0.03,False,False,False
r8m-frozen-hearingaid-holdout-20260810,DOA-R8M-FROZEN-HEARINGAID-HOLDOUT-20260810,task3,recording4,2318,0,-30.788921211676843,-14.823963588340622,-14.823963588340622,15.964957623336232,15.964957623336232,15.964957623336232,15.964957623336232,254.8798719149217,254.8798719149217,False,False,False,0,-0.3769726045886621,full_adaptive_freedom,1.5,0.03,False,False,False
r8m-frozen-hearingaid-holdout-20260810,DOA-R8M-FROZEN-HEARINGAID-HOLDOUT-20260810,task3,recording4,2557,0,-13.43342287330115,-8.494734915295417,-8.494734915295417,4.938687958005744,4.938687958005744,4.938687958005744,4.938687958005744,24.390638746550945,24.390638746550945,False,False,False,0,-0.2414613644215678,full_adaptive_freedom,1.5,0.03,False,False,False
r8m-frozen-hearingaid-holdout-20260810,DOA-R8M-FROZEN-HEARINGAID-HOLDOUT-20260810,task3,recording4,2667,0,-8.231279321630787,-2.2617399358534858,-2.2617399358534858,5.969539385777296,5.969539385777296,5.969539385777296,5.969539385777296,35.63540047834637,35.63540047834637,False,False,False,0,-0.5998116427987505,full_adaptive_freedom,1.5,0.03,False,False,False
r8m-frozen-hearingaid-holdout-20260810,DOA-R8M-FROZEN-HEARINGAID-HOLDOUT-20260810,task3,recording4,2870,0,2.6497719137271174,2.710441829949993,2.710441829949993,0.06066991622287787,0.06066991622287787,0.06066991622287787,0.06066991622287787,0.0036808387344910197,0.0036808387344910197,False,False,False,0,-0.4492133961993423,full_adaptive_freedom,1.5,0.03,False,False,False
r8m-frozen-hearingaid-holdout-20260810,DOA-R8M-FROZEN-HEARINGAID-HOLDOUT-20260810,task3,recording4,2981,0,6.921207366180282,4.888036401390089,4.888036401390089,-2.0331709647902017,-2.0331709647902017,2.0331709647902017,2.0331709647902017,4.133784172065919,4.133784172065919,False,False,False,0,-0.2760522639893478,full_adaptive_freedom,1.5,0.03,False,False,False
r8m-frozen-hearingaid-holdout-20260810,DOA-R8M-FROZEN-HEARINGAID-HOLDOUT-20260810,task3,recording5,443,0,-8.529539370324528,-4.419323427446013,-4.419323427446013,4.110215942878511,4.110215942878511,4.110215942878511,4.110215942878511,16.893875097092693,16.893875097092693,False,False,False,0,-0.42871701720063404,full_adaptive_freedom,1.5,0.03,False,False,False
r8m-frozen-hearingaid-holdout-20260810,DOA-R8M-FROZEN-HEARINGAID-HOLDOUT-20260810,task3,recording5,510,0,-4.802221957794919,-4.03453774626805,-4.03453774626805,0.7676842115268698,0.7676842115268698,0.7676842115268698,0.7676842115268698,0.5893390486276319,0.5893390486276319,False,False,False,0,-0.5747301467395791,full_adaptive_freedom,1.5,0.03,False,False,False
r8m-frozen-hearingaid-holdout-20260810,DOA-R8M-FROZEN-HEARINGAID-HOLDOUT-20260810,task3,recording5,576,0,0.05329976496949896,-2.6815582885531897,-2.6815582885531897,-2.734858053522686,-2.734858053522686,2.734858053522686,2.734858053522686,7.479448572917894,7.479448572917894,False,False,False,0,-0.2609853141843964,full_adaptive_freedom,1.5,0.03,False,False,False
r8m-frozen-hearingaid-holdout-20260810,DOA-R8M-FROZEN-HEARINGAID-HOLDOUT-20260810,task3,recording5,643,0,4.528831916554382,1.1258898301593208,1.1258898301593208,-3.4029420863950577,-3.4029420863950577,3.4029420863950577,3.4029420863950577,11.580014843358748,11.580014843358748,False,False,False,0,-0.4246897396249311,full_adaptive_freedom,1.5,0.03,False,False,False
r8m-frozen-hearingaid-holdout-20260810,DOA-R8M-FROZEN-HEARINGAID-HOLDOUT-20260810,task3,recording5,808,0,16.617846012849235,14.343051073422684,14.343051073422684,-2.274794939426556,-2.274794939426556,2.274794939426556,2.274794939426556,5.174692016440669,5.174692016440669,False,False,False,0,-0.4331831146197081,full_adaptive_freedom,1.5,0.03,False,False,False
r8m-frozen-hearingaid-holdout-20260810,DOA-R8M-FROZEN-HEARINGAID-HOLDOUT-20260810,task3,recording5,875,0,20.5211125821465,13.999926324367026,13.999926324367026,-6.521186257779476,-6.521186257779476,6.521186257779476,6.521186257779476,42.52587020865189,42.52587020865189,False,False,False,0,-0.5117205291482176,full_adaptive_freedom,1.5,0.03,False,False,False
r8m-frozen-hearingaid-holdout-20260810,DOA-R8M-FROZEN-HEARINGAID-HOLDOUT-20260810,task3,recording5,941,0,23.760288086648096,20.170120557652236,20.170120557652236,-3.590167528995863,-3.590167528995863,3.590167528995863,3.590167528995863,12.889302886256262,12.889302886256262,False,False,False,0,-0.5657366115394176,full_adaptive_freedom,1.5,0.03,False,False,False
r8m-frozen-hearingaid-holdout-20260810,DOA-R8M-FROZEN-HEARINGAID-HOLDOUT-20260810,task3,recording5,1008,0,26.897235548323238,20.566876592833296,20.566876592833296,-6.330358955489942,-6.330358955489942,6.330358955489942,6.330358955489942,40.07344450535171,40.07344450535171,False,False,False,0,-0.4820365661021384,full_adaptive_freedom,1.5,0.03,False,False,False
r8m-frozen-hearingaid-holdout-20260810,DOA-R8M-FROZEN-HEARINGAID-HOLDOUT-20260810,task3,recording5,1075,0,26.83782898579799,23.692168508258966,23.692168508258966,-3.1456604775390247,-3.1456604775390247,3.1456604775390247,3.1456604775390247,9.895179839951044,9.895179839951044,False,False,False,0,-0.5817929859622781,full_adaptive_freedom,1.5,0.03,False,False,False
r8m-frozen-hearingaid-holdout-20260810,DOA-R8M-FROZEN-HEARINGAID-HOLDOUT-20260810,task3,recording5,1307,0,26.507059885576012,22.197044872522493,22.197044872522493,-4.3100150130535155,-4.3100150130535155,4.3100150130535155,4.3100150130535155,18.576229412746695,18.576229412746695,False,False,False,0,-0.4039063828458693,full_adaptive_freedom,1.5,0.03,False,False,False
r8m-frozen-hearingaid-holdout-20260810,DOA-R8M-FROZEN-HEARINGAID-HOLDOUT-20260810,task3,recording5,1413,0,23.2514755206432,20.438815680988935,20.438815680988935,-2.812659839654259,-2.812659839654259,2.812659839654259,2.812659839654259,7.911055373603922,7.911055373603922,False,False,False,0,-0.4511085485507186,full_adaptive_freedom,1.5,0.03,False,False,False
r8m-frozen-hearingaid-holdout-20260810,DOA-R8M-FROZEN-HEARINGAID-HOLDOUT-20260810,task3,recording5,1480,0,19.701562719453687,21.94966185530633,21.94966185530633,2.248099135852641,2.248099135852641,2.248099135852641,2.248099135852641,5.053949724621392,5.053949724621392,False,False,False,0,-0.5919907892219024,full_adaptive_freedom,1.5,0.03,False,False,False
r8m-frozen-hearingaid-holdout-20260810,DOA-R8M-FROZEN-HEARINGAID-HOLDOUT-20260810,task3,recording5,1762,0,10.018348775959431,13.982789329150153,13.982789329150153,3.9644405531907125,3.9644405531907125,3.9644405531907125,3.9644405531907125,15.716788899783083,15.716788899783083,False,False,False,0,-0.6799284795496952,full_adaptive_freedom,1.5,0.03,False,False,False
r8m-frozen-hearingaid-holdout-20260810,DOA-R8M-FROZEN-HEARINGAID-HOLDOUT-20260810,task3,recording5,1829,0,7.086659195760467,12.695296407363768,12.695296407363768,5.608637211603309,5.608637211603309,5.608637211603309,5.608637211603309,31.45681137138134,31.45681137138134,False,False,False,0,-0.30361405048221685,full_adaptive_freedom,1.5,0.03,False,False,False
r8m-frozen-hearingaid-holdout-20260810,DOA-R8M-FROZEN-HEARINGAID-HOLDOUT-20260810,task3,recording5,2055,0,-5.855546423549834,-0.7908402789834061,-0.7908402789834061,5.064706144566429,5.064706144566429,5.064706144566429,5.064706144566429,25.651248330808944,25.651248330808944,False,False,False,0,-0.48290983678302185,full_adaptive_freedom,1.5,0.03,False,False,False
r8m-frozen-hearingaid-holdout-20260810,DOA-R8M-FROZEN-HEARINGAID-HOLDOUT-20260810,task3,recording5,2164,0,-13.74367758406236,-14.051170434823282,-14.051170434823282,-0.3074928507609229,-0.3074928507609229,0.3074928507609229,0.3074928507609229,0.09455185326907921,0.09455185326907921,False,False,False,0,-0.5423865293934642,full_adaptive_freedom,1.5,0.03,False,False,False
r8m-frozen-hearingaid-holdout-20260810,DOA-R8M-FROZEN-HEARINGAID-HOLDOUT-20260810,task3,recording5,2231,0,-19.603324008779992,-16.619298309132787,-16.619298309132787,2.9840256996471908,2.9840256996471908,2.9840256996471908,2.9840256996471908,8.904409376154906,8.904409376154906,False,False,False,0,-0.15206409786802455,full_adaptive_freedom,1.5,0.03,False,False,False
r8m-frozen-hearingaid-holdout-20260810,DOA-R8M-FROZEN-HEARINGAID-HOLDOUT-20260810,task3,recording5,2298,0,-19.607488057355486,-4.132519587042953,-4.132519587042953,15.474968470312547,15.474968470312547,15.474968470312547,15.474968470312547,239.47464915716745,239.47464915716745,False,False,False,0,-0.2790347794786778,full_adaptive_freedom,1.5,0.03,False,False,False
r8m-frozen-hearingaid-holdout-20260810,DOA-R8M-FROZEN-HEARINGAID-HOLDOUT-20260810,task3,recording5,2364,0,-15.808174672988343,-5.735576981428107,-5.735576981428107,10.072597691560247,10.072597691560247,10.072597691560247,10.072597691560247,101.45722425602483,101.45722425602483,False,False,False,0,-0.6880917598198473,full_adaptive_freedom,1.5,0.03,False,False,False
r8m-frozen-hearingaid-holdout-20260810,DOA-R8M-FROZEN-HEARINGAID-HOLDOUT-20260810,task3,recording5,2431,0,-14.189046888806606,-5.742579694831056,-5.742579694831056,8.446467193975536,8.446467193975536,8.446467193975536,8.446467193975536,71.34280805890496,71.34280805890496,False,False,False,0,-0.4564474516538052,full_adaptive_freedom,1.5,0.03,False,False,False
r8m-frozen-hearingaid-holdout-20260810,DOA-R8M-FROZEN-HEARINGAID-HOLDOUT-20260810,task4,recording1,253,0,18.039973349857934,6.9510294474213925,6.9510294474213925,-11.08894390243654,-11.08894390243654,11.08894390243654,11.08894390243654,122.96467687138453,122.96467687138453,False,False,False,0,-0.4395255195155614,full_adaptive_freedom,1.5,0.03,False,False,False
r8m-frozen-hearingaid-holdout-20260810,DOA-R8M-FROZEN-HEARINGAID-HOLDOUT-20260810,task4,recording1,302,0,11.127374182959588,4.822259664835717,4.822259664835717,-6.305114518123872,-6.305114518123872,6.305114518123872,6.305114518123872,39.75446908665643,39.75446908665643,False,False,False,0,-0.4005523119539388,full_adaptive_freedom,1.5,0.03,False,False,False
r8m-frozen-hearingaid-holdout-20260810,DOA-R8M-FROZEN-HEARINGAID-HOLDOUT-20260810,task4,recording1,548,1,-19.92238059670876,-18.113415464580218,-18.113415464580218,1.8089651321285487,1.8089651321285487,1.8089651321285487,1.8089651321285487,3.2723548492568577,3.2723548492568577,False,False,False,0,-0.37863605129003675,full_adaptive_freedom,1.5,0.03,False,False,False
r8m-frozen-hearingaid-holdout-20260810,DOA-R8M-FROZEN-HEARINGAID-HOLDOUT-20260810,task4,recording1,931,1,-22.31250345803199,-20.15935696409831,-20.15935696409831,2.15314649393369,2.15314649393369,2.15314649393369,2.15314649393369,4.636039824338941,4.636039824338941,False,False,False,0,-0.3225711323130019,full_adaptive_freedom,1.5,0.03,False,False,False
r8m-frozen-hearingaid-holdout-20260810,DOA-R8M-FROZEN-HEARINGAID-HOLDOUT-20260810,task4,recording1,2388,1,-21.69896195015387,-14.71784613485244,-14.71784613485244,6.981115815301422,6.981115815301422,6.981115815301422,6.981115815301422,48.73597802665164,48.73597802665164,False,False,False,0,-0.44231216011984775,full_adaptive_freedom,1.5,0.03,False,False,False
r8m-frozen-hearingaid-holdout-20260810,DOA-R8M-FROZEN-HEARINGAID-HOLDOUT-20260810,task4,recording1,2555,0,-26.413911137445524,-30.281613501153625,-30.281613501153625,-3.867702363708105,-3.867702363708105,3.867702363708105,3.867702363708105,14.959121574233261,14.959121574233261,False,True,True,0,3.4951278859569737,full_adaptive_freedom,1.5,0.03,False,False,False
r8m-frozen-hearingaid-holdout-20260810,DOA-R8M-FROZEN-HEARINGAID-HOLDOUT-20260810,task4,recording1,2852,1,-14.118830570883322,-9.26949847828738,-9.26949847828738,4.849332092595944,4.849332092595944,4.849332092595944,4.849332092595944,23.516021744280955,23.516021744280955,False,False,False,0,-0.5003166567713353,full_adaptive_freedom,1.5,0.03,False,False,False
r8m-frozen-hearingaid-holdout-20260810,DOA-R8M-FROZEN-HEARINGAID-HOLDOUT-20260810,task4,recording1,3385,0,2.0711727991449593,-3.162648312745657,-3.162648312745657,-5.23382111189062,-5.23382111189062,5.23382111189062,5.23382111189062,27.39288343127197,27.39288343127197,False,False,False,0,-0.47171030915888645,full_adaptive_freedom,1.5,0.03,False,False,False
r8m-frozen-hearingaid-holdout-20260810,DOA-R8M-FROZEN-HEARINGAID-HOLDOUT-20260810,task4,recording1,3791,1,-18.607971779912724,-10.550553023307117,-10.550553023307117,8.057418756605614,8.057418756605614,8.057418756605614,8.057418756605614,64.92199701929995,64.92199701929995,False,False,False,0,-0.3725644924230346,full_adaptive_freedom,1.5,0.03,False,False,False
r8m-frozen-hearingaid-holdout-20260810,DOA-R8M-FROZEN-HEARINGAID-HOLDOUT-20260810,task4,recording1,5111,0,-20.491061647087026,-17.203306867616966,-17.203306867616966,3.287754779470049,3.287754779470049,3.287754779470049,3.287754779470049,10.80933148992815,10.80933148992815,False,False,False,0,-0.4361856808428484,full_adaptive_freedom,1.5,0.03,False,False,False
r8m-frozen-hearingaid-holdout-20260810,DOA-R8M-FROZEN-HEARINGAID-HOLDOUT-20260810,task4,recording1,5160,0,-22.021950465381,-16.809930531146723,-16.809930531146723,5.212019934234263,5.212019934234263,5.212019934234263,5.212019934234263,27.16515179485533,27.16515179485533,False,False,False,0,-0.4446751028717249,full_adaptive_freedom,1.5,0.03,False,False,False
r8m-frozen-hearingaid-holdout-20260810,DOA-R8M-FROZEN-HEARINGAID-HOLDOUT-20260810,task4,recording1,5685,0,-0.8937017418638492,-6.709439809257437,-6.709439809257437,-5.815738067393596,-5.815738067393596,5.815738067393596,5.815738067393596,33.822809268531,33.822809268531,False,False,False,0,-0.31568455694389175,full_adaptive_freedom,1.5,0.03,False,False,False
r8m-frozen-hearingaid-holdout-20260810,DOA-R8M-FROZEN-HEARINGAID-HOLDOUT-20260810,task4,recording1,5734,0,5.267413920915856,-5.044414021904177,-5.044414021904177,-10.311827942820031,-10.311827942820031,10.311827942820031,10.311827942820031,106.333795522324,106.333795522324,False,False,False,0,-0.3660250587754449,full_adaptive_freedom,1.5,0.03,False,False,False
r8m-frozen-hearingaid-holdout-20260810,DOA-R8M-FROZEN-HEARINGAID-HOLDOUT-20260810,task4,recording1,6462,0,-1.185814033847849,-2.0207731842265853,-2.0207731842265853,-0.8349591503787224,-0.8349591503787224,0.8349591503787224,0.8349591503787224,0.6971567828011579,0.6971567828011579,False,False,False,0,-0.6748636688933309,full_adaptive_freedom,1.5,0.03,False,False,False
r8m-frozen-hearingaid-holdout-20260810,DOA-R8M-FROZEN-HEARINGAID-HOLDOUT-20260810,task4,recording1,6511,0,-3.0154238387177332,-4.680354385284697,-4.680354385284697,-1.66493054656695,-1.66493054656695,1.66493054656695,1.66493054656695,2.771993724891723,2.771993724891723,False,False,False,0,-0.46571061709579537,full_adaptive_freedom,1.5,0.03,False,False,False
r8m-frozen-hearingaid-holdout-20260810,DOA-R8M-FROZEN-HEARINGAID-HOLDOUT-20260810,task4,recording1,6561,0,-4.339799689585064,-1.7097644306418103,-1.7097644306418103,2.630035258943252,2.630035258943252,2.630035258943252,2.630035258943252,6.917085463284699,6.917085463284699,False,False,False,0,-0.5031953726487266,full_adaptive_freedom,1.5,0.03,False,False,False
r8m-frozen-hearingaid-holdout-20260810,DOA-R8M-FROZEN-HEARINGAID-HOLDOUT-20260810,task4,recording1,6610,0,-5.5917128786892585,-4.843708313551984,-4.843708313551984,0.7480045651372791,0.7480045651372791,0.7480045651372791,0.7480045651372791,0.55951082946621,0.55951082946621,False,False,False,0,-0.4348786245946822,full_adaptive_freedom,1.5,0.03,False,False,False
r8m-frozen-hearingaid-holdout-20260810,DOA-R8M-FROZEN-HEARINGAID-HOLDOUT-20260810,task4,recording1,7433,0,4.446560185388939,1.3605293622819,1.3605293622819,-3.086030823107052,-3.086030823107052,3.086030823107052,3.086030823107052,9.523586241166788,9.523586241166788,False,False,False,0,-0.3060611202148823,full_adaptive_freedom,1.5,0.03,False,False,False
r8m-frozen-hearingaid-holdout-20260810,DOA-R8M-FROZEN-HEARINGAID-HOLDOUT-20260810,task4,recording1,8205,1,-29.72647010411818,-34.44494199748148,-34.44494199748148,-4.718471893363301,-4.718471893363301,4.718471893363301,4.718471893363301,22.263977008459452,22.263977008459452,False,False,False,0,-0.3183274652090098,full_adaptive_freedom,1.5,0.03,False,False,False
r8m-frozen-hearingaid-holdout-20260810,DOA-R8M-FROZEN-HEARINGAID-HOLDOUT-20260810,task4,recording1,8526,1,-25.759111394817772,-13.614635302051145,-13.614635302051145,12.144476092766638,12.144476092766638,12.144476092766638,12.144476092766638,147.48829956778042,147.48829956778042,False,False,False,0,-0.316330693930156,full_adaptive_freedom,1.5,0.03,False,False,False
r8m-frozen-hearingaid-holdout-20260810,DOA-R8M-FROZEN-HEARINGAID-HOLDOUT-20260810,task4,recording2,326,0,-14.063130120476659,-17.90146984556353,-17.90146984556353,-3.8383397250868825,-3.8383397250868825,3.8383397250868825,3.8383397250868825,14.732851845180045,14.732851845180045,False,False,False,0,-0.5317975332885355,full_adaptive_freedom,1.5,0.03,False,False,False
r8m-frozen-hearingaid-holdout-20260810,DOA-R8M-FROZEN-HEARINGAID-HOLDOUT-20260810,task4,recording2,735,1,4.555299781520553,2.5804940616748437,2.5804940616748437,-1.9748057198457047,-1.9748057198457047,1.9748057198457047,1.9748057198457047,3.899857631135312,3.899857631135312,False,False,False,0,-0.3266002464539628,full_adaptive_freedom,1.5,0.03,False,False,False
r8m-frozen-hearingaid-holdout-20260810,DOA-R8M-FROZEN-HEARINGAID-HOLDOUT-20260810,task4,recording2,1101,0,-25.7587396117869,-32.122063190810614,-32.122063190810614,-6.3633235790236995,-6.3633235790236995,6.3633235790236995,6.3633235790236995,40.49188697135899,40.49188697135899,False,False,False,0,-0.46953452675791246,full_adaptive_freedom,1.5,0.03,False,False,False
r8m-frozen-hearingaid-holdout-20260810,DOA-R8M-FROZEN-HEARINGAID-HOLDOUT-20260810,task4,recording2,1546,1,37.327832233864164,51.882189926212845,51.882189926212845,14.554357692348674,14.554357692348674,14.554357692348674,14.554357692348674,211.829327836829,211.829327836829,False,False,False,0,-0.2372684103435906,full_adaptive_freedom,1.5,0.03,False,False,False
r8m-frozen-hearingaid-holdout-20260810,DOA-R8M-FROZEN-HEARINGAID-HOLDOUT-20260810,task4,recording2,1911,0,-13.827779411762133,-14.18185342526855,-14.18185342526855,-0.35407401350641976,-0.35407401350641976,0.35407401350641976,0.35407401350641976,0.12536840704054433,0.12536840704054433,False,False,False,0,-0.5217898033198601,full_adaptive_freedom,1.5,0.03,False,False,False
r8m-frozen-hearingaid-holdout-20260810,DOA-R8M-FROZEN-HEARINGAID-HOLDOUT-20260810,task4,recording2,2386,0,1.194215640331333,1.0342413078691537,1.0342413078691537,-0.15997433246218407,-0.15997433246218407,0.15997433246218407,0.15997433246218407,0.0255917870467214,0.0255917870467214,False,False,False,0,-0.4455779050494211,full_adaptive_freedom,1.5,0.03,False,False,False
r8m-frozen-hearingaid-holdout-20260810,DOA-R8M-FROZEN-HEARINGAID-HOLDOUT-20260810,task4,recording2,2751,1,25.531247030385583,5.131868552078183,5.131868552078183,-20.399378478307398,-20.399378478307398,20.399378478307398,20.399378478307398,416.13464230123105,416.13464230123105,False,False,False,0,-0.248648590495027,full_adaptive_freedom,1.5,0.03,False,False,False
r8m-frozen-hearingaid-holdout-20260810,DOA-R8M-FROZEN-HEARINGAID-HOLDOUT-20260810,task4,recording2,3033,1,24.60493651307846,2.8473679269973586,2.8473679269973586,-21.757568586081106,-21.757568586081106,21.757568586081106,21.757568586081106,473.3917907780234,473.3917907780234,False,False,False,0,-0.3469763598815705,full_adaptive_freedom,1.5,0.03,False,False,False
r8m-frozen-hearingaid-holdout-20260810,DOA-R8M-FROZEN-HEARINGAID-HOLDOUT-20260810,task4,recording2,3398,0,5.506425621229169,6.9058655381966005,6.9058655381966005,1.3994399169674239,1.3994399169674239,1.3994399169674239,1.3994399169674239,1.9584320812017901,1.9584320812017901,False,False,False,0,-0.4588303012123127,full_adaptive_freedom,1.5,0.03,False,False,False
r8m-frozen-hearingaid-holdout-20260810,DOA-R8M-FROZEN-HEARINGAID-HOLDOUT-20260810,task4,recording2,3859,0,-1.5779517597104122,4.5624893613967314,4.5624893613967314,6.140441121107131,6.140441121107131,6.140441121107131,6.140441121107131,37.705017161783395,37.705017161783395,False,False,False,0,-0.5537464773387234,full_adaptive_freedom,1.5,0.03,False,False,False
r8m-frozen-hearingaid-holdout-20260810,DOA-R8M-FROZEN-HEARINGAID-HOLDOUT-20260810,task4,recording2,4239,1,-16.477136985728105,-12.400065855112246,-12.400065855112246,4.077071130615849,4.077071130615849,4.077071130615849,4.077071130615849,16.622509004101197,16.622509004101197,False,False,False,0,-0.4399226562300067,full_adaptive_freedom,1.5,0.03,False,False,False
r8m-frozen-hearingaid-holdout-20260810,DOA-R8M-FROZEN-HEARINGAID-HOLDOUT-20260810,task4,recording2,4630,0,-0.12331521249413499,-0.8099462808826973,-0.8099462808826973,-0.6866310683885501,-0.6866310683885501,0.6866310683885501,0.6866310683885501,0.4714622240764018,0.4714622240764018,False,False,False,0,-0.5083580256544666,full_adaptive_freedom,1.5,0.03,False,False,False
r8m-frozen-hearingaid-holdout-20260810,DOA-R8M-FROZEN-HEARINGAID-HOLDOUT-20260810,task4,recording2,5118,0,2.118842640177836,2.7696271731741824,2.7696271731741824,0.6507845329963402,0.6507845329963402,0.6507845329963402,0.6507845329963402,0.4235205083872646,0.4235205083872646,False,False,False,0,-0.5175990011919379,full_adaptive_freedom,1.5,0.03,False,False,False
r8m-frozen-hearingaid-holdout-20260810,DOA-R8M-FROZEN-HEARINGAID-HOLDOUT-20260810,task4,recording2,5496,1,-50.57913744173563,-79.99965486413433,-79.99965486413433,-29.42051742239869,-29.42051742239869,29.42051742239869,29.42051742239869,865.5668454016648,865.5668454016648,False,False,False,0,-0.2887196576400212,full_adaptive_freedom,1.5,0.03,False,False,False
r8m-frozen-hearingaid-holdout-20260810,DOA-R8M-FROZEN-HEARINGAID-HOLDOUT-20260810,task4,recording2,5861,0,-17.32338763641868,-16.029353612577584,-16.029353612577584,1.2940340238411068,1.2940340238411068,1.2940340238411068,1.2940340238411068,1.6745240548584062,1.6745240548584062,False,False,False,0,-0.7443237677493874,full_adaptive_freedom,1.5,0.03,False,False,False
r8m-frozen-hearingaid-holdout-20260810,DOA-R8M-FROZEN-HEARINGAID-HOLDOUT-20260810,task4,recording2,6255,1,-16.984035943697926,-9.864354097606446,-9.864354097606446,7.119681846091481,7.119681846091481,7.119681846091481,7.119681846091481,50.6898695895646,50.6898695895646,False,False,False,0,-0.41037345568194156,full_adaptive_freedom,1.5,0.03,False,False,False
r8m-frozen-hearingaid-holdout-20260810,DOA-R8M-FROZEN-HEARINGAID-HOLDOUT-20260810,task4,recording2,6619,0,2.0573948112600333,-0.7047691150794873,-0.7047691150794873,-2.7621639263395252,-2.7621639263395252,2.7621639263395252,2.7621639263395252,7.629549555971382,7.629549555971382,False,False,False,0,-0.5497001224029082,full_adaptive_freedom,1.5,0.03,False,False,False
r8m-frozen-hearingaid-holdout-20260810,DOA-R8M-FROZEN-HEARINGAID-HOLDOUT-20260810,task4,recording2,7009,1,7.050884848762813,5.147706526657155,5.147706526657155,-1.9031783221056457,-1.9031783221056457,1.9031783221056457,1.9031783221056457,3.622087725732861,3.622087725732861,False,False,False,0,-0.258937827228305,full_adaptive_freedom,1.5,0.03,False,False,False
r8m-frozen-hearingaid-holdout-20260810,DOA-R8M-FROZEN-HEARINGAID-HOLDOUT-20260810,task4,recording2,7467,1,3.965079995297835,4.037989255912529,4.037989255912529,0.0729092606146935,0.0729092606146935,0.0729092606146935,0.0729092606146935,0.005315760283381296,0.005315760283381296,False,False,False,0,-30.328890087820117,full_adaptive_freedom,1.5,0.03,False,False,False
r8m-frozen-hearingaid-holdout-20260810,DOA-R8M-FROZEN-HEARINGAID-HOLDOUT-20260810,task4,recording2,7832,0,-7.162500040599696,-2.461553775503981,-2.461553775503981,4.700946265095723,4.700946265095723,4.700946265095723,4.700946265095723,22.09889578731743,22.09889578731743,False,False,False,0,-0.346589312362746,full_adaptive_freedom,1.5,0.03,False,False,False
r8m-frozen-hearingaid-holdout-20260810,DOA-R8M-FROZEN-HEARINGAID-HOLDOUT-20260810,task4,recording3,240,0,-28.261606177752086,-11.82090101573654,-11.82090101573654,16.440705162015547,16.440705162015547,16.440705162015547,16.440705162015547,270.29678622432465,270.29678622432465,False,False,False,0,-0.592744820841087,full_adaptive_freedom,1.5,0.03,False,False,False
r8m-frozen-hearingaid-holdout-20260810,DOA-R8M-FROZEN-HEARINGAID-HOLDOUT-20260810,task4,recording3,1085,0,-29.27587105062295,-37.030929432189,-37.030929432189,-7.7550583815660445,-7.7550583815660445,7.7550583815660445,7.7550583815660445,60.140930501497756,60.140930501497756,False,False,False,0,-0.09011206949272044,full_adaptive_freedom,1.5,0.03,False,False,False
r8m-frozen-hearingaid-holdout-20260810,DOA-R8M-FROZEN-HEARINGAID-HOLDOUT-20260810,task4,recording3,1286,1,17.111003888074407,11.093273024059233,11.093273024059233,-6.017730864015164,-6.017730864015164,6.017730864015164,6.017730864015164,36.213084751720686,36.213084751720686,False,False,False,0,-0.42607726282799196,full_adaptive_freedom,1.5,0.03,False,False,False
r8m-frozen-hearingaid-holdout-20260810,DOA-R8M-FROZEN-HEARINGAID-HOLDOUT-20260810,task4,recording3,1962,1,4.8368921948658565,2.8179419818083633,2.8179419818083633,-2.0189502130574795,-2.0189502130574795,2.0189502130574795,2.0189502130574795,4.076159962804842,4.076159962804842,False,False,False,0,-0.3048977281170907,full_adaptive_freedom,1.5,0.03,False,False,False
r8m-frozen-hearingaid-holdout-20260810,DOA-R8M-FROZEN-HEARINGAID-HOLDOUT-20260810,task4,recording3,2617,0,2.9050805109985696,-2.1401257504073516,-2.1401257504073516,-5.045206261405923,-5.045206261405923,5.045206261405923,5.045206261405923,25.454106220129532,25.454106220129532,False,False,False,0,-0.6533282460121317,full_adaptive_freedom,1.5,0.03,False,False,False
r8m-frozen-hearingaid-holdout-20260810,DOA-R8M-FROZEN-HEARINGAID-HOLDOUT-20260810,task4,recording3,2885,0,24.604416766067825,25.899421520433783,25.899421520433783,1.295004754365948,1.295004754365948,1.295004754365948,1.295004754365948,1.6770373138304093,1.6770373138304093,False,False,False,0,-0.5141248285711065,full_adaptive_freedom,1.5,0.03,False,False,False
r8m-frozen-hearingaid-holdout-20260810,DOA-R8M-FROZEN-HEARINGAID-HOLDOUT-20260810,task4,recording3,3566,1,-33.33901598346443,-34.75057205452304,-34.75057205452304,-1.4115560710586124,-1.4115560710586124,1.4115560710586124,1.4115560710586124,1.9924905417424263,1.9924905417424263,False,False,False,0,-6.145976937012756,full_adaptive_freedom,1.5,0.03,False,False,False
r8m-frozen-hearingaid-holdout-20260810,DOA-R8M-FROZEN-HEARINGAID-HOLDOUT-20260810,task4,recording3,4310,0,2.5471054285732864,1.1381903449358441,1.1381903449358441,-1.4089150836374529,-1.4089150836374529,1.4089150836374529,1.4089150836374529,1.9850417129011309,1.9850417129011309,False,False,False,0,-0.35102522481588266,full_adaptive_freedom,1.5,0.03,False,False,False
r8m-frozen-hearingaid-holdout-20260810,DOA-R8M-FROZEN-HEARINGAID-HOLDOUT-20260810,task4,recording3,4662,0,-15.33394184261945,-15.218836304790985,-15.218836304790985,0.11510553782846955,0.11510553782846955,0.11510553782846955,0.11510553782846955,0.013249284838781236,0.013249284838781236,False,False,False,0,-0.4706319333616089,full_adaptive_freedom,1.5,0.03,False,False,False
r8m-frozen-hearingaid-holdout-20260810,DOA-R8M-FROZEN-HEARINGAID-HOLDOUT-20260810,task4,recording3,4813,1,18.901467162642195,15.031617712167414,15.031617712167414,-3.8698494504747885,-3.8698494504747885,3.8698494504747885,3.8698494504747885,14.975734769340022,14.975734769340022,False,False,False,0,-0.4304388396163783,full_adaptive_freedom,1.5,0.03,False,False,False
r8m-frozen-hearingaid-holdout-20260810,DOA-R8M-FROZEN-HEARINGAID-HOLDOUT-20260810,task4,recording3,5330,0,-24.850265189207683,-32.23884341561816,-32.23884341561816,-7.388578226410488,-7.388578226410488,7.388578226410488,7.388578226410488,54.591088207787145,54.591088207787145,False,False,False,0,-0.513408704656273,full_adaptive_freedom,1.5,0.03,False,False,False
r8m-frozen-hearingaid-holdout-20260810,DOA-R8M-FROZEN-HEARINGAID-HOLDOUT-20260810,task4,recording3,5544,1,19.31823309886978,17.139334321602423,17.139334321602423,-2.1788987772673636,-2.1788987772673636,2.1788987772673636,2.1788987772673636,4.747599881577212,4.747599881577212,False,False,False,0,-0.7788622758350711,full_adaptive_freedom,1.5,0.03,False,False,False
r8m-frozen-hearingaid-holdout-20260810,DOA-R8M-FROZEN-HEARINGAID-HOLDOUT-20260810,task4,recording3,5610,1,19.223533609106223,31.158372705658607,31.158372705658607,11.934839096552395,11.934839096552395,11.934839096552395,11.934839096552395,142.44038426059558,142.44038426059558,False,False,False,0,-3.509346917212392,full_adaptive_freedom,1.5,0.03,False,False,False
r8m-frozen-hearingaid-holdout-20260810,DOA-R8M-FROZEN-HEARINGAID-HOLDOUT-20260810,task4,recording3,5761,0,-12.481823544841559,-13.269921918812038,-13.269921918812038,-0.7880983739704845,-0.7880983739704845,0.7880983739704845,0.7880983739704845,0.6210990470549217,0.6210990470549217,False,False,False,0,-0.4132834097514947,full_adaptive_freedom,1.5,0.03,False,False,False
r8m-frozen-hearingaid-holdout-20260810,DOA-R8M-FROZEN-HEARINGAID-HOLDOUT-20260810,task4,recording3,5939,1,12.726347487656865,8.808505180941228,8.808505180941228,-3.9178423067156416,-3.9178423067156416,3.9178423067156416,3.9178423067156416,15.34948834029094,15.34948834029094,False,False,False,0,-0.3104988887461408,full_adaptive_freedom,1.5,0.03,False,False,False
r8m-frozen-hearingaid-holdout-20260810,DOA-R8M-FROZEN-HEARINGAID-HOLDOUT-20260810,task4,recording3,6319,1,8.235774532576837,2.0301324885669545,2.0301324885669545,-6.205642044009892,-6.205642044009892,6.205642044009892,6.205642044009892,38.50999317838327,38.50999317838327,False,False,False,0,-0.5068365647727151,full_adaptive_freedom,1.5,0.03,False,False,False
r8m-frozen-hearingaid-holdout-20260810,DOA-R8M-FROZEN-HEARINGAID-HOLDOUT-20260810,task4,recording3,6386,1,6.050744437268065,2.967410254142748,2.967410254142748,-3.0833341831253165,-3.0833341831253165,3.0833341831253165,3.0833341831253165,9.506949684829063,9.506949684829063,False,False,False,0,-0.4658104501354752,full_adaptive_freedom,1.5,0.03,False,False,False
r8m-frozen-hearingaid-holdout-20260810,DOA-R8M-FROZEN-HEARINGAID-HOLDOUT-20260810,task4,recording3,6781,1,-4.388469007116399,-1.0211977771542424,-1.0211977771542424,3.3672712299621708,3.3672712299621708,3.3672712299621708,3.3672712299621708,11.33851553613095,11.33851553613095,False,False,False,0,-0.45681661272106144,full_adaptive_freedom,1.5,0.03,False,False,False
r8m-frozen-hearingaid-holdout-20260810,DOA-R8M-FROZEN-HEARINGAID-HOLDOUT-20260810,task4,recording3,6848,1,-4.031092835492878,-5.622019488827789,-5.622019488827789,-1.5909266533349182,-1.5909266533349182,1.5909266533349182,1.5909266533349182,2.5310476162914433,2.5310476162914433,False,False,False,0,-0.462891453340143,full_adaptive_freedom,1.5,0.03,False,False,False
r8m-frozen-hearingaid-holdout-20260810,DOA-R8M-FROZEN-HEARINGAID-HOLDOUT-20260810,task4,recording3,7314,0,-26.19287698527093,-33.02803174037972,-33.02803174037972,-6.835154755108789,-6.835154755108789,6.835154755108789,6.835154755108789,46.71934052628629,46.71934052628629,False,False,False,0,-8.183155042507462,full_adaptive_freedom,1.5,0.03,False,False,False
r8m-frozen-hearingaid-holdout-20260810,DOA-R8M-FROZEN-HEARINGAID-HOLDOUT-20260810,task4,recording4,377,0,-48.42022006030044,-79.99965486413433,-79.99965486413433,-31.57943480383389,-31.57943480383389,31.57943480383389,31.57943480383389,997.2607025295953,997.2607025295953,False,False,False,0,-0.24234830148294986,full_adaptive_freedom,1.5,0.03,False,False,False
r8m-frozen-hearingaid-holdout-20260810,DOA-R8M-FROZEN-HEARINGAID-HOLDOUT-20260810,task4,recording4,784,0,-29.047092742575078,-43.62068363068915,-43.62068363068915,-14.573590888114069,-14.573590888114069,14.573590888114069,14.573590888114069,212.38955137412142,212.38955137412142,False,False,False,0,-0.20460348724969693,full_adaptive_freedom,1.5,0.03,False,False,False
r8m-frozen-hearingaid-holdout-20260810,DOA-R8M-FROZEN-HEARINGAID-HOLDOUT-20260810,task4,recording4,846,0,-21.55359400825001,-40.120210989496584,-40.120210989496584,-18.56661698124657,-18.56661698124657,18.56661698124657,18.56661698124657,344.71926612831345,344.71926612831345,False,False,False,0,-0.34658498022907214,full_adaptive_freedom,1.5,0.03,False,False,False
r8m-frozen-hearingaid-holdout-20260810,DOA-R8M-FROZEN-HEARINGAID-HOLDOUT-20260810,task4,recording4,1183,0,11.325690369846923,9.517673100346718,9.517673100346718,-1.8080172695001977,-1.8080172695001977,1.8080172695001977,1.8080172695001977,3.2689264468109505,3.2689264468109505,False,False,False,0,-0.32767768505464656,full_adaptive_freedom,1.5,0.03,False,False,False
r8m-frozen-hearingaid-holdout-20260810,DOA-R8M-FROZEN-HEARINGAID-HOLDOUT-20260810,task4,recording4,1806,0,4.176384545617199,-0.36820091949474687,-0.36820091949474687,-4.544585465111936,-4.544585465111936,4.544585465111936,4.544585465111936,20.653257049706674,20.653257049706674,False,False,False,0,-0.5779346696980572,full_adaptive_freedom,1.5,0.03,False,False,False
r8m-frozen-hearingaid-holdout-20260810,DOA-R8M-FROZEN-HEARINGAID-HOLDOUT-20260810,task4,recording4,1868,0,-0.37548078321413636,3.037696219825091,3.037696219825091,3.4131770030392374,3.4131770030392374,3.4131770030392374,3.4131770030392374,11.64977725407591,11.64977725407591,False,False,False,0,-0.42680877234172887,full_adaptive_freedom,1.5,0.03,False,False,False
r8m-frozen-hearingaid-holdout-20260810,DOA-R8M-FROZEN-HEARINGAID-HOLDOUT-20260810,task4,recording4,2262,0,-8.646213018040646,-4.990009107634594,-4.990009107634594,3.656203910406049,3.656203910406049,3.656203910406049,3.656203910406049,13.367827034468483,13.367827034468483,False,False,False,0,-0.20857768832363127,full_adaptive_freedom,1.5,0.03,False,False,False
r8m-frozen-hearingaid-holdout-20260810,DOA-R8M-FROZEN-HEARINGAID-HOLDOUT-20260810,task4,recording4,2779,0,2.4797378880302183,1.8863897171980728,1.8863897171980728,-0.5933481708321438,-0.5933481708321438,0.5933481708321438,0.5933481708321438,0.35206205182985084,0.35206205182985084,False,False,False,0,-0.6934597631090593,full_adaptive_freedom,1.5,0.03,False,False,False
r8m-frozen-hearingaid-holdout-20260810,DOA-R8M-FROZEN-HEARINGAID-HOLDOUT-20260810,task4,recording4,3177,0,1.7561160287613355,4.048748799788932,4.048748799788932,2.2926327710275984,2.2926327710275984,2.2926327710275984,2.2926327710275984,5.256165022789685,5.256165022789685,False,False,False,0,-0.5368324257834293,full_adaptive_freedom,1.5,0.03,False,False,False
r8m-frozen-hearingaid-holdout-20260810,DOA-R8M-FROZEN-HEARINGAID-HOLDOUT-20260810,task4,recording4,3741,0,-27.436365713417032,-25.065066919602863,-25.065066919602863,2.3712987938141623,2.3712987938141623,2.3712987938141623,2.3712987938141623,5.623057969544501,5.623057969544501,False,False,False,0,-0.4442745715400459,full_adaptive_freedom,1.5,0.03,False,False,False
r8m-frozen-hearingaid-holdout-20260810,DOA-R8M-FROZEN-HEARINGAID-HOLDOUT-20260810,task4,recording4,4164,0,-36.09384565530502,-53.44657203918986,-53.44657203918986,-17.35272638388483,-17.35272638388483,17.35272638388483,17.35272638388483,301.11711295397265,301.11711295397265,False,False,False,0,-0.31127617640658106,full_adaptive_freedom,1.5,0.03,False,False,False
r8m-frozen-hearingaid-holdout-20260810,DOA-R8M-FROZEN-HEARINGAID-HOLDOUT-20260810,task4,recording4,4226,0,-33.26001721917683,-52.05623168515811,-52.05623168515811,-18.79621446598128,-18.79621446598128,18.79621446598128,18.79621446598128,353.2976782511639,353.2976782511639,False,False,False,0,-0.1328561911038582,full_adaptive_freedom,1.5,0.03,False,False,False
r8m-frozen-hearingaid-holdout-20260810,DOA-R8M-FROZEN-HEARINGAID-HOLDOUT-20260810,task4,recording4,4744,1,-20.783962341712037,-8.50268709710134,-8.50268709710134,12.281275244610697,12.281275244610697,12.281275244610697,12.281275244610697,150.82972163388754,150.82972163388754,False,False,False,0,-0.2015617388280154,full_adaptive_freedom,1.5,0.03,False,False,False
r8m-frozen-hearingaid-holdout-20260810,DOA-R8M-FROZEN-HEARINGAID-HOLDOUT-20260810,task4,recording4,4890,0,28.88573535318565,21.04075948933587,21.04075948933587,-7.844975863849783,-7.844975863849783,7.844975863849783,7.844975863849783,61.543646304385646,61.543646304385646,False,False,False,0,-0.19737455035429452,full_adaptive_freedom,1.5,0.03,False,False,False
r8m-frozen-hearingaid-holdout-20260810,DOA-R8M-FROZEN-HEARINGAID-HOLDOUT-20260810,task4,recording4,5210,0,26.906192065734647,38.45947849193822,38.45947849193822,11.553286426203584,11.553286426203584,11.553286426203584,11.553286426203584,133.47842724589998,133.47842724589998,False,False,False,0,-0.41026039136679804,full_adaptive_freedom,1.5,0.03,False,False,False
r8m-frozen-hearingaid-holdout-20260810,DOA-R8M-FROZEN-HEARINGAID-HOLDOUT-20260810,task4,recording4,5272,0,23.640777406516992,34.65374750932378,34.65374750932378,11.012970102806776,11.012970102806776,11.012970102806776,11.012970102806776,121.28551048531588,121.28551048531588,False,False,False,0,-0.32678995617199647,full_adaptive_freedom,1.5,0.03,False,False,False
r8m-frozen-hearingaid-holdout-20260810,DOA-R8M-FROZEN-HEARINGAID-HOLDOUT-20260810,task4,recording4,5425,1,-20.627085117685837,-13.157790590858985,-13.157790590858985,7.469294526826843,7.469294526826843,7.469294526826843,7.469294526826843,55.79036072848543,55.79036072848543,False,False,False,0,-0.37037665703481837,full_adaptive_freedom,1.5,0.03,False,False,False
r8m-frozen-hearingaid-holdout-20260810,DOA-R8M-FROZEN-HEARINGAID-HOLDOUT-20260810,task4,recording4,6028,1,-19.450609896464158,-13.262605357057401,-13.262605357057401,6.188004539406762,6.188004539406762,6.188004539406762,6.188004539406762,38.29140017971869,38.29140017971869,False,False,False,0,-0.3095800006781161,full_adaptive_freedom,1.5,0.03,False,False,False
r8m-frozen-hearingaid-holdout-20260810,DOA-R8M-FROZEN-HEARINGAID-HOLDOUT-20260810,task4,recording4,6977,0,9.740920392835925,2.9955277156659648,2.9955277156659648,-6.745392677169946,-6.745392677169946,6.745392677169946,6.745392677169946,45.500322369217926,45.500322369217926,False,True,True,0,16.33942574815413,full_adaptive_freedom,1.5,0.03,False,False,False
r8m-frozen-hearingaid-holdout-20260810,DOA-R8M-FROZEN-HEARINGAID-HOLDOUT-20260810,task4,recording4,7300,0,0.18138213030100203,0.46323421296379136,0.46323421296379136,0.2818520826627946,0.2818520826627946,0.2818520826627946,0.2818520826627946,0.07944059650135481,0.07944059650135481,False,False,False,0,-0.3593510300183065,full_adaptive_freedom,1.5,0.03,False,False,False
r8m-frozen-hearingaid-holdout-20260810,DOA-R8M-FROZEN-HEARINGAID-HOLDOUT-20260810,task4,recording5,307,0,14.422960483213425,7.670529794360257,7.670529794360257,-6.752430688853167,-6.752430688853167,6.752430688853167,6.752430688853167,45.59532020776605,45.59532020776605,False,False,False,0,-0.5846495250666369,full_adaptive_freedom,1.5,0.03,False,False,False
r8m-frozen-hearingaid-holdout-20260810,DOA-R8M-FROZEN-HEARINGAID-HOLDOUT-20260810,task4,recording5,351,0,13.431249841277827,4.128185569620871,4.128185569620871,-9.30306427165695,-9.30306427165695,9.30306427165695,9.30306427165695,86.54700484258007,86.54700484258007,False,False,False,0,-0.5046701956906139,full_adaptive_freedom,1.5,0.03,False,False,False
r8m-frozen-hearingaid-holdout-20260810,DOA-R8M-FROZEN-HEARINGAID-HOLDOUT-20260810,task4,recording5,396,0,12.889550755640204,3.1996664191018094,3.1996664191018094,-9.689884336538398,-9.689884336538398,9.689884336538398,9.689884336538398,93.8938584554922,93.8938584554922,False,False,False,0,-0.485029050833756,full_adaptive_freedom,1.5,0.03,False,False,False
r8m-frozen-hearingaid-holdout-20260810,DOA-R8M-FROZEN-HEARINGAID-HOLDOUT-20260810,task4,recording5,440,0,12.628367925169988,3.4699829975672016,3.4699829975672016,-9.158384927602782,-9.158384927602782,9.158384927602782,9.158384927602782,83.87601448214181,83.87601448214181,False,False,False,0,-0.5552373307597662,full_adaptive_freedom,1.5,0.03,False,False,False
r8m-frozen-hearingaid-holdout-20260810,DOA-R8M-FROZEN-HEARINGAID-HOLDOUT-20260810,task4,recording5,484,0,12.961582352404259,3.0967243681576737,3.0967243681576737,-9.864857984246584,-9.864857984246584,9.864857984246584,9.864857984246584,97.31542304935357,97.31542304935357,False,False,False,0,-0.5137695673528491,full_adaptive_freedom,1.5,0.03,False,False,False
r8m-frozen-hearingaid-holdout-20260810,DOA-R8M-FROZEN-HEARINGAID-HOLDOUT-20260810,task4,recording5,1052,0,3.361787076791161,-0.6176913839080006,-0.6176913839080006,-3.9794784606991698,-3.9794784606991698,3.9794784606991698,3.9794784606991698,15.836248819168635,15.836248819168635,False,False,False,0,-0.49410268608045116,full_adaptive_freedom,1.5,0.03,False,False,False
r8m-frozen-hearingaid-holdout-20260810,DOA-R8M-FROZEN-HEARINGAID-HOLDOUT-20260810,task4,recording5,1096,0,3.548254382255037,0.23214203969236769,0.23214203969236769,-3.3161123425626613,-3.3161123425626613,3.3161123425626613,3.3161123425626613,10.996601068496421,10.996601068496421,False,False,False,0,-0.5585689988423571,full_adaptive_freedom,1.5,0.03,False,False,False
r8m-frozen-hearingaid-holdout-20260810,DOA-R8M-FROZEN-HEARINGAID-HOLDOUT-20260810,task4,recording5,2251,0,10.923210147629801,10.377850668296984,10.377850668296984,-0.5453594793328307,-0.5453594793328307,0.5453594793328307,0.5453594793328307,0.29741696169817616,0.29741696169817616,False,False,False,0,-0.5206847595215333,full_adaptive_freedom,1.5,0.03,False,False,False
r8m-frozen-hearingaid-holdout-20260810,DOA-R8M-FROZEN-HEARINGAID-HOLDOUT-20260810,task4,recording5,2474,1,-18.307376344126148,-9.477954010764813,-9.477954010764813,8.829422333361322,8.829422333361322,8.829422333361322,8.829422333361322,77.95869874085969,77.95869874085969,False,False,False,0,-0.5516756706773417,full_adaptive_freedom,1.5,0.03,False,False,False
r8m-frozen-hearingaid-holdout-20260810,DOA-R8M-FROZEN-HEARINGAID-HOLDOUT-20260810,task4,recording5,4007,1,-26.80197476289867,-30.82945944165116,-30.82945944165116,-4.027484678752501,-4.027484678752501,4.027484678752501,4.027484678752501,16.220632837586134,16.220632837586134,False,False,False,0,-0.3975228440732404,full_adaptive_freedom,1.5,0.03,False,False,False
r8m-frozen-hearingaid-holdout-20260810,DOA-R8M-FROZEN-HEARINGAID-HOLDOUT-20260810,task4,recording5,4314,0,0.29821074089611094,-0.7149775561427792,-0.7149775561427792,-1.0131882970388801,-1.0131882970388801,1.0131882970388801,1.0131882970388801,1.026550525256546,1.026550525256546,False,False,False,0,-0.49261033724526093,full_adaptive_freedom,1.5,0.03,False,False,False
r8m-frozen-hearingaid-holdout-20260810,DOA-R8M-FROZEN-HEARINGAID-HOLDOUT-20260810,task4,recording5,4358,0,1.9539933024982576,0.3662742989981269,0.3662742989981269,-1.5877190035001263,-1.5877190035001263,1.5877190035001263,1.5877190035001263,2.520851634075434,2.520851634075434,False,False,False,0,-0.3272876105969694,full_adaptive_freedom,1.5,0.03,False,False,False
r8m-frozen-hearingaid-holdout-20260810,DOA-R8M-FROZEN-HEARINGAID-HOLDOUT-20260810,task4,recording5,4979,0,4.573733153078135,3.6601108740692463,3.6601108740692463,-0.9136222790088766,-0.9136222790088766,0.9136222790088766,0.9136222790088766,0.8347056687013735,0.8347056687013735,False,False,False,0,-0.4386404991257773,full_adaptive_freedom,1.5,0.03,False,False,False
r8m-frozen-hearingaid-holdout-20260810,DOA-R8M-FROZEN-HEARINGAID-HOLDOUT-20260810,task4,recording5,5108,1,-22.117309349733112,-5.147136204894914,-5.147136204894914,16.970173144838213,16.970173144838213,16.970173144838213,16.970173144838213,287.9867765657881,287.9867765657881,False,False,False,0,-0.366243284807406,full_adaptive_freedom,1.5,0.03,False,False,False
r8m-frozen-hearingaid-holdout-20260810,DOA-R8M-FROZEN-HEARINGAID-HOLDOUT-20260810,task4,recording5,5152,1,-24.066331533119097,-8.291671695126816,-8.291671695126816,15.774659837992289,15.774659837992289,15.774659837992289,15.774659837992289,248.8398930043669,248.8398930043669,False,False,False,0,-0.5908192708489849,full_adaptive_freedom,1.5,0.03,False,False,False
r8m-frozen-hearingaid-holdout-20260810,DOA-R8M-FROZEN-HEARINGAID-HOLDOUT-20260810,task4,recording5,5663,0,8.27097904281642,7.047820239181637,7.047820239181637,-1.2231588036347887,-1.2231588036347887,1.2231588036347887,1.2231588036347887,1.4961174589092876,1.4961174589092876,False,False,False,0,-0.40393913536649306,full_adaptive_freedom,1.5,0.03,False,False,False
r8m-frozen-hearingaid-holdout-20260810,DOA-R8M-FROZEN-HEARINGAID-HOLDOUT-20260810,task4,recording5,6210,1,-12.96953891722213,-7.985658929999356,-7.985658929999356,4.983879987222764,4.983879987222764,4.983879987222764,4.983879987222764,24.839059727039576,24.839059727039576,False,False,False,0,-0.5745140177756738,full_adaptive_freedom,1.5,0.03,False,False,False
r8m-frozen-hearingaid-holdout-20260810,DOA-R8M-FROZEN-HEARINGAID-HOLDOUT-20260810,task4,recording5,6717,1,-15.280138127710678,-13.055305025391057,-13.055305025391057,2.2248331023196215,2.2248331023196215,2.2248331023196215,2.2248331023196215,4.949882333177151,4.949882333177151,False,False,False,0,-0.45009187034832293,full_adaptive_freedom,1.5,0.03,False,False,False
r8m-frozen-hearingaid-holdout-20260810,DOA-R8M-FROZEN-HEARINGAID-HOLDOUT-20260810,task4,recording5,7095,0,5.573929972897331,4.019810119387619,4.019810119387619,-1.554119853509718,-1.554119853509718,1.554119853509718,1.554119853509718,2.4152885190730675,2.4152885190730675,False,False,False,0,-0.46943538357963455,full_adaptive_freedom,1.5,0.03,False,False,False
r8m-frozen-hearingaid-holdout-20260810,DOA-R8M-FROZEN-HEARINGAID-HOLDOUT-20260810,task4,recording5,7139,0,5.460142174559411,-33.41964870109395,-33.41964870109395,-38.879790875653356,-38.879790875653356,38.879790875653356,38.879790875653356,1511.638138534538,1511.638138534538,False,False,False,0,-0.4042354439186333,full_adaptive_freedom,1.5,0.03,False,False,False
